period,strategy,period_note,n_obs,start,end,cagr,ann_vol,sharpe,sortino,max_drawdown,calmar,ann_turnover,cost_drag
Development,RegimeShift,Retrospective research. Full-sample data was inspected before this protocol. Not a pristine holdout.,1860,2010-10-05,2018-12-31,0.022727969830916628,0.08806066177458105,0.2994113403667768,0.2851826236176761,0.19102302657635428,0.11898026242313764,3.461620524211521,0.06068028044029106
Development,Static 60/40,Retrospective research. Full-sample data was inspected before this protocol. Not a pristine holdout.,2029,2010-10-05,2018-12-31,0.061251388723796873,0.09337803155516201,0.6833986323683566,0.681010334188743,0.17397700139547012,0.35206601006167065,0.0,0.0
Development,Equal Weight,Retrospective research. Full-sample data was inspected before this protocol. Not a pristine holdout.,2029,2010-10-05,2018-12-31,0.058798178280738966,0.06572813743285665,0.9022006922208471,0.9082938500258432,0.07611274081035624,0.772514268369884,0.0,0.0
Validation,RegimeShift,Retrospective research. Full-sample data was inspected before this protocol. Not a pristine holdout.,742,2019-01-01,2021-12-31,0.0899613467992646,0.37763903203859256,0.4016572235389923,0.4786865713265118,0.35055575392529914,0.25662493281577886,3.014150123754921,0.023089285345354593
Validation,Static 60/40,Retrospective research. Full-sample data was inspected before this protocol. Not a pristine holdout.,742,2019-01-01,2021-12-31,0.11953193384526983,0.1264872222248364,0.9563999685834441,0.8597744941696915,0.23385384013446575,0.5111394954067852,0.0,0.0
Validation,Equal Weight,Retrospective research. Full-sample data was inspected before this protocol. Not a pristine holdout.,742,2019-01-01,2021-12-31,0.12190759796514516,0.3562400073700888,0.48818096861480287,0.5806243679727715,0.32962929094537596,0.3698324187620417,0.0,0.0
Retrospective Evaluation,RegimeShift,Retrospective evaluation. Not a pristine holdout because full historical sample was inspected during earlier project development.,1130,2022-01-03,2026-07-27,0.10455214098762089,0.09647928378925878,1.0791539245282016,1.0439188739871554,0.10692392888011326,0.9778179878224293,3.2810548973730995,0.04666872369515662
Retrospective Evaluation,Static 60/40,Retrospective evaluation. Not a pristine holdout because full historical sample was inspected during earlier project development.,1130,2022-01-03,2026-07-27,0.060852806494889666,0.08308617742007539,0.752622414635533,0.7278649222360735,0.09560250581637142,0.6365189486954739,0.0,0.0
Retrospective Evaluation,Equal Weight,Retrospective evaluation. Not a pristine holdout because full historical sample was inspected during earlier project development.,1130,2022-01-03,2026-07-27,0.12509923578512328,0.08297037034777896,1.4625536076109629,1.357743515879078,0.12923855260923545,0.9679715012235725,0.0,0.0
