Date,equity,gold,bond
2010-10-05,0.6500000137845555,0.3499999863135733,0.0
2010-10-06,0.0,0.0,0.0
2010-10-07,0.0,0.0,0.0
2010-10-08,0.0,0.0,0.0
2010-10-11,0.0,0.0,0.0
2010-10-12,0.0,0.0,0.0
2010-10-13,0.0,0.0,0.0
2010-10-14,0.0,0.0,0.0
2010-10-15,0.0,0.0,0.0
2010-10-18,0.0,0.0,0.0
2010-10-19,0.0,0.0,0.0
2010-10-20,0.0,0.0,0.0
2010-10-21,0.0,0.0,0.0
2010-10-22,0.0,0.0,0.0
2010-10-25,0.0,0.0,0.0
2010-10-26,0.0,0.0,0.0
2010-10-27,0.0,0.0,0.0
2010-10-28,0.0,0.0,0.0
2010-10-29,0.0,0.0,0.0
2010-11-01,0.0,0.0,0.0
2010-11-02,0.0,0.0,0.0
2010-11-03,0.6500000049368703,0.34999999513452185,0.0
2010-11-04,0.0,0.0,0.0
2010-11-08,0.0,0.0,0.0
2010-11-09,0.0,0.0,0.0
2010-11-10,0.0,0.0,0.0
2010-11-11,0.0,0.0,0.0
2010-11-12,0.0,0.0,0.0
2010-11-15,0.0,0.0,0.0
2010-11-16,0.0,0.0,0.0
2010-11-18,0.0,0.0,0.0
2010-11-19,0.0,0.0,0.0
2010-11-22,0.0,0.0,0.0
2010-11-23,0.0,0.0,0.0
2010-11-24,0.0,0.0,0.0
2010-11-25,0.0,0.0,0.0
2010-11-26,0.0,0.0,0.0
2010-11-29,0.0,0.0,0.0
2010-11-30,0.0,0.0,0.0
2010-12-01,0.0,0.0,0.0
2010-12-02,0.0,0.0,0.0
2010-12-03,0.0,0.0,0.0
2010-12-06,0.04086086208628354,0.2500008543968765,0.7091382835168398
2010-12-07,0.0,0.0,0.0
2010-12-08,0.0,0.0,0.0
2010-12-09,0.0,0.0,0.0
2010-12-10,0.0,0.0,0.0
2010-12-13,0.0,0.0,0.0
2010-12-14,0.0,0.0,0.0
2010-12-15,0.0,0.0,0.0
2010-12-16,0.0,0.0,0.0
2010-12-20,0.0,0.0,0.0
2010-12-21,0.0,0.0,0.0
2010-12-22,0.0,0.0,0.0
2010-12-23,0.0,0.0,0.0
2010-12-24,0.0,0.0,0.0
2010-12-27,0.0,0.0,0.0
2010-12-28,0.0,0.0,0.0
2010-12-29,0.0,0.0,0.0
2010-12-30,0.0,0.0,0.0
2010-12-31,0.0,0.0,0.0
2011-01-03,0.0,0.0,0.0
2011-01-04,0.0,0.0,0.0
2011-01-05,0.2000000095664028,0.7999999903598924,7.370430949792557e-11
2011-01-06,0.0,0.0,0.0
2011-01-07,0.0,0.0,0.0
2011-01-10,0.0,0.0,0.0
2011-01-11,0.0,0.0,0.0
2011-01-12,0.0,0.0,0.0
2011-01-13,0.0,0.0,0.0
2011-01-14,0.0,0.0,0.0
2011-01-17,0.0,0.0,0.0
2011-01-18,0.0,0.0,0.0
2011-01-19,0.0,0.0,0.0
2011-01-20,0.0,0.0,0.0
2011-01-21,0.0,0.0,0.0
2011-01-24,0.0,0.0,0.0
2011-01-25,0.0,0.0,0.0
2011-01-27,0.0,0.0,0.0
2011-01-28,0.0,0.0,0.0
2011-01-31,0.0,0.0,0.0
2011-02-01,0.0,0.0,0.0
2011-02-02,0.0,0.0,0.0
2011-02-03,0.0,0.0,0.0
2011-02-04,0.02337653798107516,0.2500034021362545,0.7266200598826702
2011-02-07,0.0,0.0,0.0
2011-02-08,0.0,0.0,0.0
2011-02-09,0.0,0.0,0.0
2011-02-10,0.0,0.0,0.0
2011-02-11,0.0,0.0,0.0
2011-02-14,0.0,0.0,0.0
2011-02-15,0.0,0.0,0.0
2011-02-16,0.0,0.0,0.0
2011-02-17,0.0,0.0,0.0
2011-02-18,0.0,0.0,0.0
2011-02-21,0.0,0.0,0.0
2011-02-22,0.0,0.0,0.0
2011-02-23,0.0,0.0,0.0
2011-02-24,0.0,0.0,0.0
2011-02-25,0.0,0.0,0.0
2011-02-28,0.0,0.0,0.0
2011-03-01,0.0,0.0,0.0
2011-03-03,0.0,0.0,0.0
2011-03-04,0.0,0.0,0.0
2011-03-07,0.0,0.0,0.0
2011-03-08,0.026473729956095194,0.2500022251429798,0.7235240449009251
2011-03-09,0.0,0.0,0.0
2011-03-10,0.0,0.0,0.0
2011-03-11,0.0,0.0,0.0
2011-03-14,0.0,0.0,0.0
2011-03-15,0.0,0.0,0.0
2011-03-16,0.0,0.0,0.0
2011-03-17,0.0,0.0,0.0
2011-03-18,0.0,0.0,0.0
2011-03-21,0.0,0.0,0.0
2011-03-22,0.0,0.0,0.0
2011-03-23,0.0,0.0,0.0
2011-03-24,0.0,0.0,0.0
2011-03-25,0.0,0.0,0.0
2011-03-28,0.0,0.0,0.0
2011-03-29,0.0,0.0,0.0
2011-03-30,0.0,0.0,0.0
2011-03-31,0.0,0.0,0.0
2011-04-01,0.0,0.0,0.0
2011-04-04,0.0,0.0,0.0
2011-04-05,0.0,0.0,0.0
2011-04-06,0.20000004269973212,0.7999999570562302,2.4403417551198786e-10
2011-04-07,0.0,0.0,0.0
2011-04-08,0.0,0.0,0.0
2011-04-11,0.0,0.0,0.0
2011-04-13,0.0,0.0,0.0
2011-04-15,0.0,0.0,0.0
2011-04-18,0.0,0.0,0.0
2011-04-19,0.0,0.0,0.0
2011-04-20,0.0,0.0,0.0
2011-04-21,0.0,0.0,0.0
2011-04-25,0.0,0.0,0.0
2011-04-26,0.0,0.0,0.0
2011-04-27,0.0,0.0,0.0
2011-04-28,0.0,0.0,0.0
2011-04-29,0.0,0.0,0.0
2011-05-02,0.0,0.0,0.0
2011-05-03,0.0,0.0,0.0
2011-05-04,0.0,0.0,0.0
2011-05-05,0.0,0.0,0.0
2011-05-06,0.0,0.0,0.0
2011-05-09,0.0,0.0,0.0
2011-05-10,0.19999999976965832,0.8000000000057064,2.2463684630099594e-10
2011-05-11,0.0,0.0,0.0
2011-05-12,0.0,0.0,0.0
2011-05-13,0.0,0.0,0.0
2011-05-16,0.0,0.0,0.0
2011-05-17,0.0,0.0,0.0
2011-05-18,0.0,0.0,0.0
2011-05-19,0.0,0.0,0.0
2011-05-20,0.0,0.0,0.0
2011-05-23,0.0,0.0,0.0
2011-05-24,0.0,0.0,0.0
2011-05-25,0.0,0.0,0.0
2011-05-26,0.0,0.0,0.0
2011-05-27,0.0,0.0,0.0
2011-05-30,0.0,0.0,0.0
2011-05-31,0.0,0.0,0.0
2011-06-01,0.0,0.0,0.0
2011-06-02,0.0,0.0,0.0
2011-06-03,0.0,0.0,0.0
2011-06-06,0.0,0.0,0.0
2011-06-07,0.0,0.0,0.0
2011-06-08,0.20000021105868182,0.7999997849066827,4.0347578809907724e-09
2011-06-09,0.0,0.0,0.0
2011-06-10,0.0,0.0,0.0
2011-06-13,0.0,0.0,0.0
2011-06-14,0.0,0.0,0.0
2011-06-15,0.0,0.0,0.0
2011-06-16,0.0,0.0,0.0
2011-06-17,0.0,0.0,0.0
2011-06-20,0.0,0.0,0.0
2011-06-21,0.0,0.0,0.0
2011-06-22,0.0,0.0,0.0
2011-06-23,0.0,0.0,0.0
2011-06-24,0.0,0.0,0.0
2011-06-27,0.0,0.0,0.0
2011-06-28,0.0,0.0,0.0
2011-06-29,0.0,0.0,0.0
2011-06-30,0.0,0.0,0.0
2011-07-01,0.0,0.0,0.0
2011-07-04,0.0,0.0,0.0
2011-07-05,0.0,0.0,0.0
2011-07-06,0.0,0.0,0.0
2011-07-07,0.20000001893290928,0.7999999813773324,0.0
2011-07-08,0.0,0.0,0.0
2011-07-11,0.0,0.0,0.0
2011-07-12,0.0,0.0,0.0
2011-07-13,0.0,0.0,0.0
2011-07-14,0.0,0.0,0.0
2011-07-15,0.0,0.0,0.0
2011-07-18,0.0,0.0,0.0
2011-07-19,0.0,0.0,0.0
2011-07-20,0.0,0.0,0.0
2011-07-21,0.0,0.0,0.0
2011-07-22,0.0,0.0,0.0
2011-07-25,0.0,0.0,0.0
2011-07-26,0.0,0.0,0.0
2011-07-27,0.0,0.0,0.0
2011-07-28,0.0,0.0,0.0
2011-07-29,0.0,0.0,0.0
2011-08-01,0.0,0.0,0.0
2011-08-02,0.0,0.0,0.0
2011-08-03,0.0,0.0,0.0
2011-08-04,0.0,0.0,0.0
2011-08-05,2.656534001795002e-07,0.7999999991220624,0.19999973522452735
2011-08-08,0.0,0.0,0.0
2011-08-09,0.0,0.0,0.0
2011-08-10,0.0,0.0,0.0
2011-08-11,0.0,0.0,0.0
2011-08-12,0.0,0.0,0.0
2011-08-16,0.0,0.0,0.0
2011-08-17,0.0,0.0,0.0
2011-08-18,0.0,0.0,0.0
2011-08-19,0.0,0.0,0.0
2011-08-22,0.0,0.0,0.0
2011-08-23,0.0,0.0,0.0
2011-08-24,0.0,0.0,0.0
2011-08-25,0.0,0.0,0.0
2011-08-26,0.0,0.0,0.0
2011-08-29,0.0,0.0,0.0
2011-08-30,0.0,0.0,0.0
2011-09-02,0.0,0.0,0.0
2011-09-05,0.0,0.0,0.0
2011-09-06,0.0,0.0,0.0
2011-09-07,0.0,0.0,0.0
2011-09-08,0.021951085073990864,0.25000358322992966,0.7280453316960794
2011-09-09,0.0,0.0,0.0
2011-09-12,0.0,0.0,0.0
2011-09-13,0.0,0.0,0.0
2011-09-14,0.0,0.0,0.0
2011-09-15,0.0,0.0,0.0
2011-09-16,0.0,0.0,0.0
2011-09-19,0.0,0.0,0.0
2011-09-20,0.0,0.0,0.0
2011-09-21,0.0,0.0,0.0
2011-09-22,0.0,0.0,0.0
2011-09-23,0.0,0.0,0.0
2011-09-26,0.0,0.0,0.0
2011-09-27,0.0,0.0,0.0
2011-09-28,0.0,0.0,0.0
2011-09-29,0.0,0.0,0.0
2011-09-30,0.0,0.0,0.0
2011-10-03,0.0,0.0,0.0
2011-10-04,0.0,0.0,0.0
2011-10-05,0.0,0.0,0.0
2011-10-07,0.0,0.0,0.0
2011-10-10,0.012700938416533343,0.25000763186355185,0.7372914297199148
2011-10-11,0.0,0.0,0.0
2011-10-12,0.0,0.0,0.0
2011-10-13,0.0,0.0,0.0
2011-10-14,0.0,0.0,0.0
2011-10-17,0.0,0.0,0.0
2011-10-18,0.0,0.0,0.0
2011-10-19,0.0,0.0,0.0
2011-10-20,0.0,0.0,0.0
2011-10-21,0.0,0.0,0.0
2011-10-24,0.0,0.0,0.0
2011-10-25,0.0,0.0,0.0
2011-10-28,0.0,0.0,0.0
2011-10-31,0.0,0.0,0.0
2011-11-01,0.0,0.0,0.0
2011-11-02,0.0,0.0,0.0
2011-11-03,0.0,0.0,0.0
2011-11-04,0.0,0.0,0.0
2011-11-08,0.0,0.0,0.0
2011-11-09,0.0,0.0,0.0
2011-11-11,0.0,0.0,0.0
2011-11-14,0.013101432195746993,0.25000746002522267,0.7368911077790303
2011-11-15,0.0,0.0,0.0
2011-11-16,0.0,0.0,0.0
2011-11-17,0.0,0.0,0.0
2011-11-18,0.0,0.0,0.0
2011-11-21,0.0,0.0,0.0
2011-11-22,0.0,0.0,0.0
2011-11-23,0.0,0.0,0.0
2011-11-24,0.0,0.0,0.0
2011-11-25,0.0,0.0,0.0
2011-11-28,0.0,0.0,0.0
2011-11-29,0.0,0.0,0.0
2011-11-30,0.0,0.0,0.0
2011-12-01,0.0,0.0,0.0
2011-12-02,0.0,0.0,0.0
2011-12-05,0.0,0.0,0.0
2011-12-07,0.0,0.0,0.0
2011-12-08,0.0,0.0,0.0
2011-12-09,0.0,0.0,0.0
2011-12-12,0.0,0.0,0.0
2011-12-13,0.0,0.0,0.0
2011-12-14,1.9878862293278065e-10,0.8000000000447764,0.19999999975643368
2011-12-15,0.0,0.0,0.0
2011-12-16,0.0,0.0,0.0
2011-12-19,0.0,0.0,0.0
2011-12-20,0.0,0.0,0.0
2011-12-21,0.0,0.0,0.0
2011-12-22,0.0,0.0,0.0
2011-12-23,0.0,0.0,0.0
2011-12-26,0.0,0.0,0.0
2011-12-27,0.0,0.0,0.0
2011-12-28,0.0,0.0,0.0
2011-12-29,0.0,0.0,0.0
2011-12-30,0.0,0.0,0.0
2012-01-02,0.0,0.0,0.0
2012-01-03,0.0,0.0,0.0
2012-01-04,0.0,0.0,0.0
2012-01-05,0.0,0.0,0.0
2012-01-06,0.0,0.0,0.0
2012-01-09,0.0,0.0,0.0
2012-01-10,0.0,0.0,0.0
2012-01-11,0.0,0.0,0.0
2012-01-12,1.6042963178779467e-08,0.8000000023754608,0.19999998158151056
2012-01-13,0.0,0.0,0.0
2012-01-16,0.0,0.0,0.0
2012-01-17,0.0,0.0,0.0
2012-01-18,0.0,0.0,0.0
2012-01-19,0.0,0.0,0.0
2012-01-20,0.0,0.0,0.0
2012-01-23,0.0,0.0,0.0
2012-01-24,0.0,0.0,0.0
2012-01-25,0.0,0.0,0.0
2012-01-27,0.0,0.0,0.0
2012-01-30,0.0,0.0,0.0
2012-01-31,0.0,0.0,0.0
2012-02-01,0.0,0.0,0.0
2012-02-02,0.0,0.0,0.0
2012-02-03,0.0,0.0,0.0
2012-02-06,0.0,0.0,0.0
2012-02-07,0.0,0.0,0.0
2012-02-08,0.0,0.0,0.0
2012-02-09,0.0,0.0,0.0
2012-02-10,0.0,0.0,0.0
2012-02-13,0.12672429826816148,0.79999999537828,0.07327570635330158
2012-02-14,0.0,0.0,0.0
2012-02-15,0.0,0.0,0.0
2012-02-16,0.0,0.0,0.0
2012-02-17,0.0,0.0,0.0
2012-02-21,0.0,0.0,0.0
2012-02-22,0.0,0.0,0.0
2012-02-23,0.0,0.0,0.0
2012-02-24,0.0,0.0,0.0
2012-02-27,0.0,0.0,0.0
2012-02-28,0.0,0.0,0.0
2012-02-29,0.0,0.0,0.0
2012-03-01,0.0,0.0,0.0
2012-03-02,0.0,0.0,0.0
2012-03-05,0.0,0.0,0.0
2012-03-06,0.0,0.0,0.0
2012-03-07,0.0,0.0,0.0
2012-03-09,0.0,0.0,0.0
2012-03-12,0.0,0.0,0.0
2012-03-13,0.0,0.0,0.0
2012-03-14,0.0,0.0,0.0
2012-03-15,0.4500000001719864,0.34999999999928616,0.19999999982872838
2012-03-16,0.0,0.0,0.0
2012-03-19,0.0,0.0,0.0
2012-03-20,0.0,0.0,0.0
2012-03-21,0.0,0.0,0.0
2012-03-22,0.0,0.0,0.0
2012-03-23,0.0,0.0,0.0
2012-03-26,0.0,0.0,0.0
2012-03-27,0.0,0.0,0.0
2012-03-28,0.0,0.0,0.0
2012-03-29,0.0,0.0,0.0
2012-03-30,0.0,0.0,0.0
2012-04-02,0.0,0.0,0.0
2012-04-03,0.0,0.0,0.0
2012-04-04,0.0,0.0,0.0
2012-04-09,0.0,0.0,0.0
2012-04-10,0.0,0.0,0.0
2012-04-11,0.0,0.0,0.0
2012-04-12,0.0,0.0,0.0
2012-04-13,0.0,0.0,0.0
2012-04-16,0.0,0.0,0.0
2012-04-17,0.4500000018603625,0.35000000135323994,0.19999999678640473
2012-04-18,0.0,0.0,0.0
2012-04-19,0.0,0.0,0.0
2012-04-20,0.0,0.0,0.0
2012-04-23,0.0,0.0,0.0
2012-04-24,0.0,0.0,0.0
2012-04-25,0.0,0.0,0.0
2012-04-26,0.0,0.0,0.0
2012-04-27,0.0,0.0,0.0
2012-04-30,0.0,0.0,0.0
2012-05-02,0.0,0.0,0.0
2012-05-03,0.0,0.0,0.0
2012-05-04,0.0,0.0,0.0
2012-05-07,0.0,0.0,0.0
2012-05-08,0.0,0.0,0.0
2012-05-09,0.0,0.0,0.0
2012-05-10,0.0,0.0,0.0
2012-05-11,0.0,0.0,0.0
2012-05-14,0.0,0.0,0.0
2012-05-15,0.0,0.0,0.0
2012-05-16,0.0,0.0,0.0
2012-05-17,4.82775789915995e-08,0.7999999962739366,0.19999995544842747
2012-05-18,0.0,0.0,0.0
2012-05-21,0.0,0.0,0.0
2012-05-22,0.0,0.0,0.0
2012-05-23,0.0,0.0,0.0
2012-05-24,0.0,0.0,0.0
2013-01-31,0.0,0.0,0.0
2013-02-01,0.0,0.0,0.0
2013-02-04,0.0,0.0,0.0
2013-02-05,0.0,0.0,0.0
2013-02-06,0.0,0.0,0.0
2013-02-07,0.0,0.0,0.0
2013-02-08,0.0,0.0,0.0
2013-02-11,0.0,0.0,0.0
2013-02-12,0.0,0.0,0.0
2013-02-13,0.0,0.0,0.0
2013-02-14,0.0,0.0,0.0
2013-02-15,0.0,0.0,0.0
2013-02-18,0.0,0.0,0.0
2013-02-19,0.0,0.0,0.0
2013-02-20,0.0,0.0,0.0
2013-02-21,2.1233957272260632e-08,0.7999999718577492,0.20000000690822592
2013-02-22,0.0,0.0,0.0
2013-02-25,0.0,0.0,0.0
2013-02-26,0.0,0.0,0.0
2013-02-27,0.0,0.0,0.0
2013-02-28,0.0,0.0,0.0
2013-03-01,0.0,0.0,0.0
2013-03-04,0.0,0.0,0.0
2013-03-05,0.0,0.0,0.0
2013-03-06,0.0,0.0,0.0
2013-03-07,0.0,0.0,0.0
2013-03-08,0.0,0.0,0.0
2013-03-11,0.0,0.0,0.0
2013-03-12,0.0,0.0,0.0
2013-03-13,0.0,0.0,0.0
2013-03-14,0.0,0.0,0.0
2013-03-15,0.0,0.0,0.0
2013-03-18,0.0,0.0,0.0
2013-03-19,0.0,0.0,0.0
2013-03-20,0.0,0.0,0.0
2013-03-21,0.0,0.0,0.0
2013-03-22,1.1950332553354474e-08,0.7999999722779529,0.20000001577163898
2013-03-25,0.0,0.0,0.0
2013-03-26,0.0,0.0,0.0
2013-03-28,0.0,0.0,0.0
2013-04-01,0.0,0.0,0.0
2013-04-02,0.0,0.0,0.0
2013-04-03,0.0,0.0,0.0
2013-04-04,0.0,0.0,0.0
2013-04-05,0.0,0.0,0.0
2013-04-08,0.0,0.0,0.0
2013-04-09,0.0,0.0,0.0
2013-04-10,0.0,0.0,0.0
2013-04-11,0.0,0.0,0.0
2013-04-12,0.0,0.0,0.0
2013-04-15,0.0,0.0,0.0
2013-04-16,0.0,0.0,0.0
2013-04-17,0.0,0.0,0.0
2013-04-18,0.0,0.0,0.0
2013-04-22,0.0,0.0,0.0
2013-04-23,0.0,0.0,0.0
2013-04-25,0.0,0.0,0.0
2013-04-26,1.910425093953388e-09,0.3942089619115134,0.6057910361785324
2013-04-29,0.0,0.0,0.0
2013-04-30,0.0,0.0,0.0
2013-05-02,0.0,0.0,0.0
2013-05-03,0.0,0.0,0.0
2013-05-06,0.0,0.0,0.0
2013-05-07,0.0,0.0,0.0
2013-05-08,0.0,0.0,0.0
2013-05-09,0.0,0.0,0.0
2013-05-10,0.0,0.0,0.0
2013-05-13,0.0,0.0,0.0
2013-05-14,0.0,0.0,0.0
2013-05-15,0.0,0.0,0.0
2013-05-16,0.0,0.0,0.0
2013-05-17,0.0,0.0,0.0
2013-05-20,0.0,0.0,0.0
2013-05-21,0.0,0.0,0.0
2013-05-22,0.0,0.0,0.0
2013-05-23,0.0,0.0,0.0
2013-05-24,0.0,0.0,0.0
2013-05-27,0.0,0.0,0.0
2013-05-28,0.19999959088764954,4.1700286611489706e-07,0.7999999921094842
2013-05-29,0.0,0.0,0.0
2013-05-30,0.0,0.0,0.0
2013-05-31,0.0,0.0,0.0
2013-06-03,0.0,0.0,0.0
2013-06-04,0.0,0.0,0.0
2013-06-05,0.0,0.0,0.0
2013-06-06,0.0,0.0,0.0
2013-06-07,0.0,0.0,0.0
2013-06-10,0.0,0.0,0.0
2013-06-11,0.0,0.0,0.0
2013-06-12,0.0,0.0,0.0
2013-06-13,0.0,0.0,0.0
2013-06-14,0.0,0.0,0.0
2013-06-17,0.0,0.0,0.0
2013-06-18,0.0,0.0,0.0
2013-06-19,0.0,0.0,0.0
2013-06-20,0.0,0.0,0.0
2013-06-21,0.0,0.0,0.0
2013-06-24,0.0,0.0,0.0
2013-06-25,0.0,0.0,0.0
2013-06-26,0.015072079453823946,0.184931280235628,0.7999966403105483
2013-06-27,0.0,0.0,0.0
2013-06-28,0.0,0.0,0.0
2013-07-01,0.0,0.0,0.0
2013-07-02,0.0,0.0,0.0
2013-07-03,0.0,0.0,0.0
2013-07-04,0.0,0.0,0.0
2013-07-05,0.0,0.0,0.0
2013-07-08,0.0,0.0,0.0
2013-07-09,0.0,0.0,0.0
2013-07-10,0.0,0.0,0.0
2013-07-11,0.0,0.0,0.0
2013-07-12,0.0,0.0,0.0
2013-07-15,0.0,0.0,0.0
2013-07-16,0.0,0.0,0.0
2013-07-17,0.0,0.0,0.0
2013-07-18,0.0,0.0,0.0
2013-07-19,0.0,0.0,0.0
2013-07-22,0.0,0.0,0.0
2013-07-23,0.0,0.0,0.0
2013-07-24,0.0,0.0,0.0
2013-07-25,0.19999999201229213,8.847914718376122e-09,0.7999999991397904
2013-07-26,0.0,0.0,0.0
2013-07-29,0.0,0.0,0.0
2013-07-30,0.0,0.0,0.0
2013-07-31,0.0,0.0,0.0
2013-08-01,0.0,0.0,0.0
2013-08-02,0.0,0.0,0.0
2013-08-05,0.0,0.0,0.0
2013-08-06,0.0,0.0,0.0
2013-08-07,0.0,0.0,0.0
2013-08-08,0.0,0.0,0.0
2013-08-12,0.0,0.0,0.0
2013-08-13,0.0,0.0,0.0
2013-08-14,0.0,0.0,0.0
2013-08-16,0.0,0.0,0.0
2013-08-19,0.0,0.0,0.0
2013-08-20,0.0,0.0,0.0
2013-08-21,0.0,0.0,0.0
2013-08-22,0.0,0.0,0.0
2013-08-23,0.0,0.0,0.0
2013-08-26,0.0,0.0,0.0
2013-08-27,0.012547648675727541,0.2500078533900942,0.7374444979341785
2013-08-28,0.0,0.0,0.0
2013-08-29,0.0,0.0,0.0
2013-08-30,0.0,0.0,0.0
2013-09-02,0.0,0.0,0.0
2013-09-03,0.0,0.0,0.0
2013-09-04,0.0,0.0,0.0
2013-09-05,0.0,0.0,0.0
2013-09-06,0.0,0.0,0.0
2013-09-10,0.0,0.0,0.0
2013-09-11,0.0,0.0,0.0
2013-09-12,0.0,0.0,0.0
2013-09-13,0.0,0.0,0.0
2013-09-16,0.0,0.0,0.0
2013-09-17,0.0,0.0,0.0
2013-09-18,0.0,0.0,0.0
2013-09-19,0.0,0.0,0.0
2013-09-20,0.0,0.0,0.0
2013-09-23,0.0,0.0,0.0
2013-09-24,0.0,0.0,0.0
2013-09-25,0.0,0.0,0.0
2013-09-26,0.025742785911748636,0.25000238204745256,0.7242548320407989
2013-09-27,0.0,0.0,0.0
2013-09-30,0.0,0.0,0.0
2013-10-01,0.0,0.0,0.0
2013-10-03,0.0,0.0,0.0
2013-10-04,0.0,0.0,0.0
2013-10-07,0.0,0.0,0.0
2013-10-08,0.0,0.0,0.0
2013-10-09,0.0,0.0,0.0
2013-10-10,0.0,0.0,0.0
2013-10-11,0.0,0.0,0.0
2013-10-14,0.0,0.0,0.0
2013-10-15,0.0,0.0,0.0
2013-10-17,0.0,0.0,0.0
2013-10-18,0.0,0.0,0.0
2013-10-21,0.0,0.0,0.0
2013-10-22,0.0,0.0,0.0
2013-10-23,0.0,0.0,0.0
2013-10-24,0.0,0.0,0.0
2013-10-25,0.0,0.0,0.0
2013-10-28,0.0,0.0,0.0
2013-10-29,0.034046560747664247,0.25000113881098207,0.7159523004413537
2013-10-30,0.0,0.0,0.0
2013-10-31,0.0,0.0,0.0
2013-11-01,0.0,0.0,0.0
2013-11-05,0.0,0.0,0.0
2013-11-06,0.0,0.0,0.0
2013-11-07,0.0,0.0,0.0
2013-11-08,0.0,0.0,0.0
2013-11-11,0.0,0.0,0.0
2013-11-12,0.0,0.0,0.0
2013-11-13,0.0,0.0,0.0
2013-11-14,0.0,0.0,0.0
2013-11-18,0.0,0.0,0.0
2013-11-19,0.0,0.0,0.0
2013-11-20,0.0,0.0,0.0
2013-11-21,0.0,0.0,0.0
2013-11-22,0.0,0.0,0.0
2013-11-25,0.0,0.0,0.0
2013-11-26,0.0,0.0,0.0
2013-11-27,0.0,0.0,0.0
2013-11-28,0.0,0.0,0.0
2013-11-29,0.45000000005748025,0.3499999991399924,0.20000000080252292
2013-12-02,0.0,0.0,0.0
2013-12-03,0.0,0.0,0.0
2013-12-04,0.0,0.0,0.0
2013-12-05,0.0,0.0,0.0
2013-12-06,0.0,0.0,0.0
2013-12-09,0.0,0.0,0.0
2013-12-10,0.0,0.0,0.0
2013-12-11,0.0,0.0,0.0
2013-12-12,0.0,0.0,0.0
2013-12-13,0.0,0.0,0.0
2013-12-16,0.0,0.0,0.0
2013-12-17,0.0,0.0,0.0
2013-12-18,0.0,0.0,0.0
2013-12-19,0.0,0.0,0.0
2013-12-20,0.0,0.0,0.0
2013-12-23,0.0,0.0,0.0
2013-12-24,0.0,0.0,0.0
2013-12-26,0.0,0.0,0.0
2013-12-27,0.0,0.0,0.0
2013-12-30,0.0,0.0,0.0
2013-12-31,0.4500000002388043,0.09999999977355031,0.44999999998764467
2014-01-01,0.0,0.0,0.0
2014-01-02,0.0,0.0,0.0
2014-01-03,0.0,0.0,0.0
2014-01-06,0.0,0.0,0.0
2014-01-07,0.0,0.0,0.0
2014-01-08,0.0,0.0,0.0
2014-01-09,0.0,0.0,0.0
2014-01-10,0.0,0.0,0.0
2014-01-13,0.0,0.0,0.0
2014-01-14,0.0,0.0,0.0
2014-01-15,0.0,0.0,0.0
2014-01-16,0.0,0.0,0.0
2014-01-17,0.0,0.0,0.0
2014-01-20,0.0,0.0,0.0
2014-01-21,0.0,0.0,0.0
2014-01-22,0.0,0.0,0.0
2014-01-23,0.0,0.0,0.0
2014-01-24,0.0,0.0,0.0
2014-01-27,0.0,0.0,0.0
2014-01-28,0.0,0.0,0.0
2014-01-29,0.4500000016776446,0.09999999877791943,0.44999999954443254
2014-01-30,0.0,0.0,0.0
2014-01-31,0.0,0.0,0.0
2014-02-03,0.0,0.0,0.0
2014-02-04,0.0,0.0,0.0
2014-02-05,0.0,0.0,0.0
2014-02-06,0.0,0.0,0.0
2014-02-07,0.0,0.0,0.0
2014-02-10,0.0,0.0,0.0
2014-02-11,0.0,0.0,0.0
2014-02-12,0.0,0.0,0.0
2014-02-13,0.0,0.0,0.0
2014-02-14,0.0,0.0,0.0
2014-02-17,0.0,0.0,0.0
2014-02-18,0.0,0.0,0.0
2014-02-19,0.0,0.0,0.0
2014-02-20,0.0,0.0,0.0
2014-02-21,0.0,0.0,0.0
2014-02-24,0.0,0.0,0.0
2014-02-25,0.0,0.0,0.0
2014-02-26,0.0,0.0,0.0
2014-02-28,0.5412719590489182,0.008732793102303687,0.44999524784877803
2014-03-03,0.0,0.0,0.0
2014-03-04,0.0,0.0,0.0
2014-03-05,0.0,0.0,0.0
2014-03-06,0.0,0.0,0.0
2014-03-07,0.0,0.0,0.0
2014-03-10,0.0,0.0,0.0
2014-03-11,0.0,0.0,0.0
2014-03-12,0.0,0.0,0.0
2014-03-13,0.0,0.0,0.0
2014-03-14,0.0,0.0,0.0
2014-03-18,0.0,0.0,0.0
2014-03-19,0.0,0.0,0.0
2014-03-20,0.0,0.0,0.0
2014-03-21,0.0,0.0,0.0
2014-03-24,0.0,0.0,0.0
2014-03-25,0.0,0.0,0.0
2014-03-26,0.0,0.0,0.0
2014-03-27,0.0,0.0,0.0
2014-03-28,0.0,0.0,0.0
2014-03-31,0.0,0.0,0.0
2014-04-01,0.7999999996950669,0.0,0.20000000040686333
2014-04-02,0.0,0.0,0.0
2014-04-03,0.0,0.0,0.0
2014-04-04,0.0,0.0,0.0
2014-04-07,0.0,0.0,0.0
2014-04-09,0.0,0.0,0.0
2014-04-10,0.0,0.0,0.0
2014-04-11,0.0,0.0,0.0
2014-04-15,0.0,0.0,0.0
2014-04-16,0.0,0.0,0.0
2014-04-17,0.0,0.0,0.0
2014-04-21,0.0,0.0,0.0
2014-04-22,0.0,0.0,0.0
2014-04-23,0.0,0.0,0.0
2014-04-25,0.0,0.0,0.0
2014-04-28,0.0,0.0,0.0
2014-04-29,0.0,0.0,0.0
2014-04-30,0.0,0.0,0.0
2014-05-02,0.0,0.0,0.0
2014-05-05,0.0,0.0,0.0
2014-05-06,0.0,0.0,0.0
2014-05-07,0.7402581327128281,0.25974186579066194,1.4965890483278168e-09
2014-05-08,0.0,0.0,0.0
2014-05-09,0.0,0.0,0.0
2014-05-12,0.0,0.0,0.0
2014-05-13,0.0,0.0,0.0
2014-05-14,0.0,0.0,0.0
2014-05-15,0.0,0.0,0.0
2014-05-16,0.0,0.0,0.0
2014-05-19,0.0,0.0,0.0
2014-05-20,0.0,0.0,0.0
2014-05-21,0.0,0.0,0.0
2014-05-22,0.0,0.0,0.0
2014-05-23,0.0,0.0,0.0
2014-05-26,0.0,0.0,0.0
2014-05-27,0.0,0.0,0.0
2014-05-28,0.0,0.0,0.0
2014-05-29,0.0,0.0,0.0
2014-05-30,0.0,0.0,0.0
2014-06-02,0.0,0.0,0.0
2014-06-03,0.0,0.0,0.0
2014-06-04,0.0,0.0,0.0
2014-06-05,0.052871767322105856,0.2500003669233263,0.697127865754568
2014-06-06,0.0,0.0,0.0
2014-06-09,0.0,0.0,0.0
2014-06-10,0.0,0.0,0.0
2014-06-11,0.0,0.0,0.0
2014-06-12,0.0,0.0,0.0
2014-06-13,0.0,0.0,0.0
2014-06-16,0.0,0.0,0.0
2014-06-17,0.0,0.0,0.0
2014-06-18,0.0,0.0,0.0
2014-06-19,0.0,0.0,0.0
2014-06-20,0.0,0.0,0.0
2014-06-23,0.0,0.0,0.0
2014-06-24,0.0,0.0,0.0
2014-06-25,0.0,0.0,0.0
2014-06-26,0.0,0.0,0.0
2014-06-27,0.0,0.0,0.0
2014-06-30,0.0,0.0,0.0
2014-07-01,0.0,0.0,0.0
2014-07-02,0.0,0.0,0.0
2014-07-03,0.0,0.0,0.0
2014-07-04,0.7999998934625366,0.199936421421873,6.368511559045378e-05
2014-07-07,0.0,0.0,0.0
2014-07-08,0.0,0.0,0.0
2014-07-09,0.0,0.0,0.0
2014-07-10,0.0,0.0,0.0
2014-07-11,0.0,0.0,0.0
2014-07-14,0.0,0.0,0.0
2014-07-15,0.0,0.0,0.0
2014-07-16,0.0,0.0,0.0
2014-07-17,0.0,0.0,0.0
2014-07-18,0.0,0.0,0.0
2014-07-21,0.0,0.0,0.0
2014-07-22,0.0,0.0,0.0
2014-07-23,0.0,0.0,0.0
2014-07-24,0.0,0.0,0.0
2014-07-25,0.0,0.0,0.0
2014-07-28,0.0,0.0,0.0
2014-07-30,0.0,0.0,0.0
2014-07-31,0.0,0.0,0.0
2014-08-01,0.0,0.0,0.0
2014-08-04,0.0,0.0,0.0
2014-08-05,0.799999999625409,2.9362840053234517e-08,0.1999999710117509
2014-08-06,0.0,0.0,0.0
2014-08-07,0.0,0.0,0.0
2014-08-08,0.0,0.0,0.0
2014-08-11,0.0,0.0,0.0
2014-08-12,0.0,0.0,0.0
2014-08-13,0.0,0.0,0.0
2014-08-14,0.0,0.0,0.0
2014-08-18,0.0,0.0,0.0
2014-08-19,0.0,0.0,0.0
2014-08-20,0.0,0.0,0.0
2014-08-21,0.0,0.0,0.0
2014-08-22,0.0,0.0,0.0
2014-08-25,0.0,0.0,0.0
2014-08-26,0.0,0.0,0.0
2014-08-27,0.0,0.0,0.0
2014-08-28,0.0,0.0,0.0
2014-09-01,0.0,0.0,0.0
2014-09-02,0.0,0.0,0.0
2014-09-03,0.0,0.0,0.0
2014-09-04,0.0,0.0,0.0
2014-09-05,0.39999999982708573,0.0,0.6000000002238044
2014-09-08,0.0,0.0,0.0
2014-09-09,0.0,0.0,0.0
2014-09-10,0.0,0.0,0.0
2014-09-11,0.0,0.0,0.0
2014-09-12,0.0,0.0,0.0
2014-09-15,0.0,0.0,0.0
2014-09-16,0.0,0.0,0.0
2014-09-17,0.0,0.0,0.0
2014-09-18,0.0,0.0,0.0
2014-09-19,0.0,0.0,0.0
2014-09-22,0.0,0.0,0.0
2014-09-23,0.0,0.0,0.0
2014-09-24,0.0,0.0,0.0
2014-09-25,0.0,0.0,0.0
2014-09-26,0.0,0.0,0.0
2014-09-29,0.0,0.0,0.0
2014-09-30,0.0,0.0,0.0
2014-10-01,0.0,0.0,0.0
2014-10-07,0.0,0.0,0.0
2014-10-08,0.0,0.0,0.0
2014-10-09,0.06950157420651254,0.2500148411879188,0.6804835846055687
2014-10-10,0.0,0.0,0.0
2014-10-13,0.0,0.0,0.0
2014-10-14,0.0,0.0,0.0
2014-10-15,0.0,0.0,0.0
2014-10-16,0.0,0.0,0.0
2014-10-17,0.0,0.0,0.0
2014-10-20,0.0,0.0,0.0
2014-10-21,0.0,0.0,0.0
2014-10-22,0.0,0.0,0.0
2014-10-27,0.0,0.0,0.0
2014-10-28,0.0,0.0,0.0
2014-10-29,0.0,0.0,0.0
2014-10-30,0.0,0.0,0.0
2014-10-31,0.0,0.0,0.0
2014-11-03,0.0,0.0,0.0
2014-11-05,0.0,0.0,0.0
2014-11-07,0.0,0.0,0.0
2014-11-10,0.0,0.0,0.0
2014-11-11,0.0,0.0,0.0
2014-11-12,0.0,0.0,0.0
2014-11-13,0.061564789203716275,0.2500316575864928,0.688403553209791
2014-11-14,0.0,0.0,0.0
2014-11-17,0.0,0.0,0.0
2014-11-18,0.0,0.0,0.0
2014-11-19,0.0,0.0,0.0
2014-11-20,0.0,0.0,0.0
2014-11-21,0.0,0.0,0.0
2014-11-24,0.0,0.0,0.0
2014-11-25,0.0,0.0,0.0
2014-11-26,0.0,0.0,0.0
2014-11-27,0.0,0.0,0.0
2014-11-28,0.0,0.0,0.0
2014-12-01,0.0,0.0,0.0
2014-12-02,0.0,0.0,0.0
2014-12-03,0.0,0.0,0.0
2014-12-04,0.0,0.0,0.0
2014-12-05,0.0,0.0,0.0
2014-12-08,0.0,0.0,0.0
2014-12-09,0.0,0.0,0.0
2014-12-10,0.0,0.0,0.0
2014-12-11,0.0,0.0,0.0
2014-12-12,0.39999999976448875,0.0,0.6000000003270348
2014-12-15,0.0,0.0,0.0
2014-12-16,0.0,0.0,0.0
2014-12-17,0.0,0.0,0.0
2014-12-18,0.0,0.0,0.0
2014-12-19,0.0,0.0,0.0
2014-12-22,0.0,0.0,0.0
2014-12-23,0.0,0.0,0.0
2014-12-24,0.0,0.0,0.0
2014-12-26,0.0,0.0,0.0
2014-12-29,0.0,0.0,0.0
2014-12-30,0.0,0.0,0.0
2014-12-31,0.0,0.0,0.0
2015-01-01,0.0,0.0,0.0
2015-01-02,0.0,0.0,0.0
2015-01-05,0.0,0.0,0.0
2015-01-06,0.0,0.0,0.0
2015-01-07,0.0,0.0,0.0
2015-01-08,0.0,0.0,0.0
2015-01-09,0.0,0.0,0.0
2015-01-12,0.0,0.0,0.0
2015-01-13,0.06396904192070957,0.2500252905694247,0.6860056675098659
2015-01-14,0.0,0.0,0.0
2015-01-15,0.0,0.0,0.0
2015-01-16,0.0,0.0,0.0
2015-01-19,0.0,0.0,0.0
2015-01-20,0.0,0.0,0.0
2015-01-21,0.0,0.0,0.0
2015-01-22,0.0,0.0,0.0
2015-01-23,0.0,0.0,0.0
2015-01-27,0.0,0.0,0.0
2015-01-28,0.0,0.0,0.0
2015-01-29,0.0,0.0,0.0
2015-01-30,0.0,0.0,0.0
2015-02-02,0.0,0.0,0.0
2015-02-03,0.0,0.0,0.0
2015-02-04,0.0,0.0,0.0
2015-02-05,0.0,0.0,0.0
2015-02-06,0.0,0.0,0.0
2015-02-09,0.0,0.0,0.0
2015-02-10,0.0,0.0,0.0
2015-02-11,0.0,0.0,0.0
2015-02-12,0.7999999930291515,1.2240255197557082e-09,0.2000000057467757
2015-02-13,0.0,0.0,0.0
2015-02-16,0.0,0.0,0.0
2015-02-18,0.0,0.0,0.0
2015-02-19,0.0,0.0,0.0
2015-02-20,0.0,0.0,0.0
2015-02-23,0.0,0.0,0.0
2015-02-24,0.0,0.0,0.0
2015-02-25,0.0,0.0,0.0
2015-02-26,0.0,0.0,0.0
2015-02-27,0.0,0.0,0.0
2015-03-02,0.0,0.0,0.0
2015-03-03,0.0,0.0,0.0
2015-03-04,0.0,0.0,0.0
2015-03-05,0.0,0.0,0.0
2015-03-09,0.0,0.0,0.0
2015-03-10,0.0,0.0,0.0
2015-03-11,0.0,0.0,0.0
2015-03-12,0.0,0.0,0.0
2015-03-13,0.0,0.0,0.0
2015-03-16,0.0,0.0,0.0
2015-03-17,0.051923883458982294,0.2500006232223396,0.6980754933186781
2015-03-18,0.0,0.0,0.0
2015-03-19,0.0,0.0,0.0
2015-03-20,0.0,0.0,0.0
2015-03-23,0.0,0.0,0.0
2015-03-24,0.0,0.0,0.0
2015-03-25,0.0,0.0,0.0
2015-03-26,0.0,0.0,0.0
2015-03-27,0.0,0.0,0.0
2015-03-30,0.0,0.0,0.0
2015-03-31,0.0,0.0,0.0
2015-04-01,0.0,0.0,0.0
2015-04-06,0.0,0.0,0.0
2015-04-07,0.0,0.0,0.0
2015-04-08,0.0,0.0,0.0
2015-04-09,0.0,0.0,0.0
2015-04-10,0.0,0.0,0.0
2015-04-13,0.0,0.0,0.0
2015-04-15,0.0,0.0,0.0
2015-04-16,0.0,0.0,0.0
2015-04-17,0.0,0.0,0.0
2015-04-20,0.05365026844529676,0.25000053720871057,0.6963491943459927
2015-04-21,0.0,0.0,0.0
2015-04-22,0.0,0.0,0.0
2015-04-23,0.0,0.0,0.0
2015-04-24,0.0,0.0,0.0
2015-04-27,0.0,0.0,0.0
2015-04-28,0.0,0.0,0.0
2015-04-29,0.0,0.0,0.0
2015-04-30,0.0,0.0,0.0
2015-05-04,0.0,0.0,0.0
2015-05-05,0.0,0.0,0.0
2015-05-06,0.0,0.0,0.0
2015-05-07,0.0,0.0,0.0
2015-05-08,0.0,0.0,0.0
2015-05-11,0.0,0.0,0.0
2015-05-12,0.0,0.0,0.0
2015-05-13,0.0,0.0,0.0
2015-05-14,0.0,0.0,0.0
2015-05-15,0.0,0.0,0.0
2015-05-18,0.0,0.0,0.0
2015-05-19,0.0,0.0,0.0
2015-05-20,0.05395376591668402,0.2500391791347962,0.6960070549485197
2015-05-21,0.0,0.0,0.0
2015-05-22,0.0,0.0,0.0
2015-05-25,0.0,0.0,0.0
2015-05-26,0.0,0.0,0.0
2015-05-27,0.0,0.0,0.0
2015-05-28,0.0,0.0,0.0
2015-05-29,0.0,0.0,0.0
2015-06-01,0.0,0.0,0.0
2015-06-02,0.0,0.0,0.0
2015-06-03,0.0,0.0,0.0
2015-06-04,0.0,0.0,0.0
2015-06-05,0.0,0.0,0.0
2015-06-08,0.0,0.0,0.0
2015-06-09,0.0,0.0,0.0
2015-06-10,0.0,0.0,0.0
2015-06-11,0.0,0.0,0.0
2015-06-12,0.0,0.0,0.0
2015-06-15,0.0,0.0,0.0
2015-06-16,0.0,0.0,0.0
2015-06-17,0.0,0.0,0.0
2015-06-18,0.044657346845795094,0.2500009468369953,0.7053417063172096
2015-06-19,0.0,0.0,0.0
2015-06-22,0.0,0.0,0.0
2015-06-23,0.0,0.0,0.0
2015-06-24,0.0,0.0,0.0
2015-06-25,0.0,0.0,0.0
2015-06-26,0.0,0.0,0.0
2015-06-29,0.0,0.0,0.0
2015-06-30,0.0,0.0,0.0
2015-07-01,0.0,0.0,0.0
2015-07-02,0.0,0.0,0.0
2015-07-03,0.0,0.0,0.0
2015-07-06,0.0,0.0,0.0
2015-07-07,0.0,0.0,0.0
2015-07-08,0.0,0.0,0.0
2015-07-09,0.0,0.0,0.0
2015-07-10,0.0,0.0,0.0
2015-07-13,0.0,0.0,0.0
2015-07-14,0.0,0.0,0.0
2015-07-15,0.0,0.0,0.0
2015-07-16,0.0,0.0,0.0
2015-07-17,0.39999999320115387,1.054558610370072e-10,0.6000000066933884
2015-07-20,0.0,0.0,0.0
2015-07-21,0.0,0.0,0.0
2015-07-22,0.0,0.0,0.0
2015-07-23,0.0,0.0,0.0
2015-07-24,0.0,0.0,0.0
2015-07-27,0.0,0.0,0.0
2015-07-28,0.0,0.0,0.0
2015-07-29,0.0,0.0,0.0
2015-07-30,0.0,0.0,0.0
2015-07-31,0.0,0.0,0.0
2015-08-03,0.0,0.0,0.0
2015-08-04,0.0,0.0,0.0
2015-08-05,0.0,0.0,0.0
2015-08-06,0.0,0.0,0.0
2015-08-07,0.0,0.0,0.0
2015-08-10,0.0,0.0,0.0
2015-08-11,0.0,0.0,0.0
2015-08-12,0.0,0.0,0.0
2015-08-13,0.0,0.0,0.0
2015-08-14,0.0,0.0,0.0
2015-08-17,0.7999999782963737,1.390917633266447e-09,0.2000000203126925
2015-08-18,0.0,0.0,0.0
2015-08-19,0.0,0.0,0.0
2015-08-20,0.0,0.0,0.0
2015-08-21,0.0,0.0,0.0
2015-08-24,0.0,0.0,0.0
2015-08-25,0.0,0.0,0.0
2015-08-26,0.0,0.0,0.0
2015-08-27,0.0,0.0,0.0
2015-08-28,0.0,0.0,0.0
2015-08-31,0.0,0.0,0.0
2015-09-01,0.0,0.0,0.0
2015-09-02,0.0,0.0,0.0
2015-09-03,0.0,0.0,0.0
2015-09-04,0.0,0.0,0.0
2015-09-07,0.0,0.0,0.0
2015-09-08,0.0,0.0,0.0
2015-09-09,0.0,0.0,0.0
2015-09-10,0.0,0.0,0.0
2015-09-11,0.0,0.0,0.0
2015-09-14,0.0,0.0,0.0
2015-09-15,0.04761799996703697,0.2500005137829356,0.7023814862500274
2015-09-16,0.0,0.0,0.0
2015-09-18,0.0,0.0,0.0
2015-09-21,0.0,0.0,0.0
2015-09-22,0.0,0.0,0.0
2015-09-23,0.0,0.0,0.0
2015-09-24,0.0,0.0,0.0
2015-09-28,0.0,0.0,0.0
2015-09-29,0.0,0.0,0.0
2015-09-30,0.0,0.0,0.0
2015-10-01,0.0,0.0,0.0
2015-10-05,0.0,0.0,0.0
2015-10-06,0.0,0.0,0.0
2015-10-07,0.0,0.0,0.0
2015-10-08,0.0,0.0,0.0
2015-10-09,0.0,0.0,0.0
2015-10-12,0.0,0.0,0.0
2015-10-13,0.0,0.0,0.0
2015-10-14,0.0,0.0,0.0
2015-10-15,0.0,0.0,0.0
2015-10-16,0.0,0.0,0.0
2015-10-19,0.20000012791442617,1.9987464487328036e-09,0.7999998700869823
2015-10-20,0.0,0.0,0.0
2015-10-21,0.0,0.0,0.0
2015-10-23,0.0,0.0,0.0
2015-10-26,0.0,0.0,0.0
2015-10-27,0.0,0.0,0.0
2015-10-28,0.0,0.0,0.0
2015-10-29,0.0,0.0,0.0
2015-10-30,0.0,0.0,0.0
2015-11-02,0.0,0.0,0.0
2015-11-03,0.0,0.0,0.0
2015-11-04,0.0,0.0,0.0
2015-11-05,0.0,0.0,0.0
2015-11-06,0.0,0.0,0.0
2015-11-09,0.0,0.0,0.0
2015-11-10,0.0,0.0,0.0
2015-11-13,0.0,0.0,0.0
2015-11-16,0.0,0.0,0.0
2015-11-17,0.0,0.0,0.0
2015-11-18,0.0,0.0,0.0
2015-11-19,0.0,0.0,0.0
2015-11-20,0.4499999990800824,0.09999999834836962,0.45000000257145756
2015-11-23,0.0,0.0,0.0
2015-11-24,0.0,0.0,0.0
2015-11-26,0.0,0.0,0.0
2015-11-27,0.0,0.0,0.0
2015-11-30,0.0,0.0,0.0
2015-12-01,0.0,0.0,0.0
2015-12-02,0.0,0.0,0.0
2015-12-03,0.0,0.0,0.0
2015-12-04,0.0,0.0,0.0
2015-12-07,0.0,0.0,0.0
2015-12-08,0.0,0.0,0.0
2015-12-09,0.0,0.0,0.0
2015-12-10,0.0,0.0,0.0
2015-12-11,0.0,0.0,0.0
2015-12-14,0.0,0.0,0.0
2015-12-15,0.0,0.0,0.0
2015-12-16,0.0,0.0,0.0
2015-12-17,0.0,0.0,0.0
2015-12-18,0.0,0.0,0.0
2015-12-21,0.0,0.0,0.0
2015-12-22,0.4738443928308525,0.07615560950947516,0.44999999765967236
2015-12-23,0.0,0.0,0.0
2015-12-24,0.0,0.0,0.0
2015-12-28,0.0,0.0,0.0
2015-12-29,0.0,0.0,0.0
2015-12-30,0.0,0.0,0.0
2015-12-31,0.0,0.0,0.0
2016-01-01,0.0,0.0,0.0
2016-01-04,0.0,0.0,0.0
2016-01-05,0.0,0.0,0.0
2016-01-06,0.0,0.0,0.0
2016-01-07,0.0,0.0,0.0
2016-01-08,0.0,0.0,0.0
2016-01-11,0.0,0.0,0.0
2016-01-12,0.0,0.0,0.0
2016-01-13,0.0,0.0,0.0
2016-01-14,0.0,0.0,0.0
2016-01-15,0.0,0.0,0.0
2016-01-18,0.0,0.0,0.0
2016-01-19,0.0,0.0,0.0
2016-01-20,0.0,0.0,0.0
2016-01-21,0.4499999999401363,0.10000000006955621,0.44999999999030543
2016-01-22,0.0,0.0,0.0
2016-01-25,0.0,0.0,0.0
2016-01-27,0.0,0.0,0.0
2016-01-28,0.0,0.0,0.0
2016-01-29,0.0,0.0,0.0
2016-02-01,0.0,0.0,0.0
2016-02-02,0.0,0.0,0.0
2016-02-03,0.0,0.0,0.0
2016-02-04,0.0,0.0,0.0
2016-02-05,0.0,0.0,0.0
2016-02-08,0.0,0.0,0.0
2016-02-09,0.0,0.0,0.0
2016-02-10,0.0,0.0,0.0
2016-02-11,0.0,0.0,0.0
2016-02-12,0.0,0.0,0.0
2016-02-15,0.0,0.0,0.0
2016-02-16,0.0,0.0,0.0
2016-02-17,0.0,0.0,0.0
2016-02-18,0.0,0.0,0.0
2016-02-19,0.0,0.0,0.0
2016-02-22,0.05112979343727116,0.2500320712481701,0.6988381353145589
2016-02-23,0.0,0.0,0.0
2016-02-24,0.0,0.0,0.0
2016-02-25,0.0,0.0,0.0
2016-02-26,0.0,0.0,0.0
2016-02-29,0.0,0.0,0.0
2016-03-01,0.0,0.0,0.0
2016-03-02,0.0,0.0,0.0
2016-03-03,0.0,0.0,0.0
2016-03-04,0.0,0.0,0.0
2016-03-08,0.0,0.0,0.0
2016-03-09,0.0,0.0,0.0
2016-03-10,0.0,0.0,0.0
2016-03-11,0.0,0.0,0.0
2016-03-14,0.0,0.0,0.0
2016-03-15,0.0,0.0,0.0
2016-03-16,0.0,0.0,0.0
2016-03-17,0.0,0.0,0.0
2016-03-18,0.0,0.0,0.0
2016-03-21,0.0,0.0,0.0
2016-03-22,0.0,0.0,0.0
2016-03-23,0.05786185542041353,0.25002412763107684,0.6921140169485096
2016-03-28,0.0,0.0,0.0
2016-03-29,0.0,0.0,0.0
2016-03-30,0.0,0.0,0.0
2016-03-31,0.0,0.0,0.0
2016-04-01,0.0,0.0,0.0
2016-04-04,0.0,0.0,0.0
2016-04-05,0.0,0.0,0.0
2016-04-06,0.0,0.0,0.0
2016-04-07,0.0,0.0,0.0
2016-04-08,0.0,0.0,0.0
2016-04-11,0.0,0.0,0.0
2016-04-12,0.0,0.0,0.0
2016-04-13,0.0,0.0,0.0
2016-04-18,0.0,0.0,0.0
2016-04-20,0.0,0.0,0.0
2016-04-21,0.0,0.0,0.0
2016-04-22,0.0,0.0,0.0
2016-04-25,0.0,0.0,0.0
2016-04-26,0.0,0.0,0.0
2016-04-27,0.0,0.0,0.0
2016-04-28,0.4499999998377308,0.35000000012750204,0.20000000003476393
2016-04-29,0.0,0.0,0.0
2016-05-02,0.0,0.0,0.0
2016-05-03,0.0,0.0,0.0
2016-05-04,0.0,0.0,0.0
2016-05-05,0.0,0.0,0.0
2016-05-06,0.0,0.0,0.0
2016-05-09,0.0,0.0,0.0
2016-05-10,0.0,0.0,0.0
2016-05-11,0.0,0.0,0.0
2016-05-12,0.0,0.0,0.0
2016-05-13,0.0,0.0,0.0
2016-05-16,0.0,0.0,0.0
2016-05-17,0.0,0.0,0.0
2016-05-18,0.0,0.0,0.0
2016-05-19,0.0,0.0,0.0
2016-05-20,0.0,0.0,0.0
2016-05-23,0.0,0.0,0.0
2016-05-24,0.0,0.0,0.0
2016-05-25,0.0,0.0,0.0
2016-05-26,0.0,0.0,0.0
2016-05-27,0.4499999998316633,0.35000000008074095,0.20000000008759242
2016-05-30,0.0,0.0,0.0
2016-05-31,0.0,0.0,0.0
2016-06-01,0.0,0.0,0.0
2016-06-02,0.0,0.0,0.0
2016-06-03,0.0,0.0,0.0
2016-06-06,0.0,0.0,0.0
2016-06-07,0.0,0.0,0.0
2016-06-08,0.0,0.0,0.0
2016-06-09,0.0,0.0,0.0
2016-06-10,0.0,0.0,0.0
2016-06-13,0.0,0.0,0.0
2016-06-14,0.0,0.0,0.0
2016-06-15,0.0,0.0,0.0
2016-06-16,0.0,0.0,0.0
2016-06-17,0.0,0.0,0.0
2016-06-20,0.0,0.0,0.0
2016-06-21,0.0,0.0,0.0
2016-06-22,0.0,0.0,0.0
2016-06-23,0.0,0.0,0.0
2016-06-24,0.0,0.0,0.0
2016-06-27,0.450000002361517,0.35000000369816725,0.1999999939403082
2016-06-28,0.0,0.0,0.0
2016-06-29,0.0,0.0,0.0
2016-06-30,0.0,0.0,0.0
2016-07-01,0.0,0.0,0.0
2016-07-04,0.0,0.0,0.0
2016-07-05,0.0,0.0,0.0
2016-07-07,0.0,0.0,0.0
2016-07-08,0.0,0.0,0.0
2016-07-11,0.0,0.0,0.0
2016-07-12,0.0,0.0,0.0
2016-07-13,0.0,0.0,0.0
2016-07-14,0.0,0.0,0.0
2016-07-15,0.0,0.0,0.0
2016-07-18,0.0,0.0,0.0
2016-07-19,0.0,0.0,0.0
2016-07-20,0.0,0.0,0.0
2016-07-21,0.0,0.0,0.0
2016-07-22,0.0,0.0,0.0
2016-07-25,0.0,0.0,0.0
2016-07-26,0.0,0.0,0.0
2016-07-27,0.45000000986450533,0.3500000040280873,0.19999998610741473
2016-07-28,0.0,0.0,0.0
2016-07-29,0.0,0.0,0.0
2016-08-01,0.0,0.0,0.0
2016-08-02,0.0,0.0,0.0
2016-08-03,0.0,0.0,0.0
2016-08-04,0.0,0.0,0.0
2016-08-05,0.0,0.0,0.0
2016-08-08,0.0,0.0,0.0
2016-08-09,0.0,0.0,0.0
2016-08-10,0.0,0.0,0.0
2016-08-11,0.0,0.0,0.0
2016-08-12,0.0,0.0,0.0
2016-08-16,0.0,0.0,0.0
2016-08-17,0.0,0.0,0.0
2016-08-18,0.0,0.0,0.0
2016-08-19,0.0,0.0,0.0
2016-08-22,0.0,0.0,0.0
2016-08-23,0.0,0.0,0.0
2016-08-24,0.0,0.0,0.0
2016-08-25,0.0,0.0,0.0
2016-08-26,0.4500000175999967,0.3500000048444989,0.199999977555521
2016-08-29,0.0,0.0,0.0
2016-08-30,0.0,0.0,0.0
2016-08-31,0.0,0.0,0.0
2016-09-01,0.0,0.0,0.0
2016-09-02,0.0,0.0,0.0
2016-09-06,0.0,0.0,0.0
2016-09-07,0.0,0.0,0.0
2016-09-08,0.0,0.0,0.0
2016-09-09,0.0,0.0,0.0
2016-09-12,0.0,0.0,0.0
2016-09-14,0.0,0.0,0.0
2016-09-15,0.0,0.0,0.0
2016-09-16,0.0,0.0,0.0
2016-09-19,0.0,0.0,0.0
2016-09-20,0.0,0.0,0.0
2016-09-21,0.0,0.0,0.0
2016-09-22,0.0,0.0,0.0
2016-09-23,0.0,0.0,0.0
2016-09-26,0.0,0.0,0.0
2016-09-27,0.0,0.0,0.0
2016-09-28,0.6500000011287942,0.34999999941674276,0.0
2016-09-29,0.0,0.0,0.0
2016-09-30,0.0,0.0,0.0
2016-10-03,0.0,0.0,0.0
2016-10-04,0.0,0.0,0.0
2016-10-05,0.0,0.0,0.0
2016-10-06,0.0,0.0,0.0
2016-10-07,0.0,0.0,0.0
2016-10-10,0.0,0.0,0.0
2016-10-13,0.0,0.0,0.0
2016-10-14,0.0,0.0,0.0
2016-10-17,0.0,0.0,0.0
2016-10-18,0.0,0.0,0.0
2016-10-19,0.0,0.0,0.0
2016-10-20,0.0,0.0,0.0
2016-10-21,0.0,0.0,0.0
2016-10-24,0.0,0.0,0.0
2016-10-25,0.0,0.0,0.0
2016-10-26,0.0,0.0,0.0
2016-10-27,0.0,0.0,0.0
2016-10-28,0.0,0.0,0.0
2016-11-01,0.19999631295346315,0.7999999317995122,3.7552470246413483e-06
2016-11-02,0.0,0.0,0.0
2016-11-03,0.0,0.0,0.0
2016-11-04,0.0,0.0,0.0
2016-11-07,0.0,0.0,0.0
2016-11-08,0.0,0.0,0.0
2016-11-09,0.0,0.0,0.0
2016-11-10,0.0,0.0,0.0
2016-11-11,0.0,0.0,0.0
2016-11-15,0.0,0.0,0.0
2016-11-16,0.0,0.0,0.0
2016-11-17,0.0,0.0,0.0
2016-11-18,0.0,0.0,0.0
2016-11-21,0.0,0.0,0.0
2016-11-22,0.0,0.0,0.0
2016-11-23,0.0,0.0,0.0
2016-11-24,0.0,0.0,0.0
2016-11-25,0.0,0.0,0.0
2016-11-28,0.0,0.0,0.0
2016-11-29,0.0,0.0,0.0
2016-11-30,0.0,0.0,0.0
2016-12-01,0.06566426344025518,0.2500179204010889,0.684317816158656
2016-12-02,0.0,0.0,0.0
2016-12-05,0.0,0.0,0.0
2016-12-06,0.0,0.0,0.0
2016-12-07,0.0,0.0,0.0
2016-12-08,0.0,0.0,0.0
2016-12-09,0.0,0.0,0.0
2016-12-12,0.0,0.0,0.0
2016-12-13,0.0,0.0,0.0
2016-12-14,0.0,0.0,0.0
2016-12-15,0.0,0.0,0.0
2016-12-16,0.0,0.0,0.0
2016-12-19,0.0,0.0,0.0
2016-12-20,0.0,0.0,0.0
2016-12-21,0.0,0.0,0.0
2016-12-22,0.0,0.0,0.0
2016-12-23,0.0,0.0,0.0
2016-12-26,0.0,0.0,0.0
2016-12-27,0.0,0.0,0.0
2016-12-28,0.0,0.0,0.0
2016-12-29,0.0,0.0,0.0
2016-12-30,0.2000963306124683,0.7999007519359789,2.917451552965015e-06
2017-01-02,0.0,0.0,0.0
2017-01-03,0.0,0.0,0.0
2017-01-04,0.0,0.0,0.0
2017-01-05,0.0,0.0,0.0
2017-01-06,0.0,0.0,0.0
2017-01-09,0.0,0.0,0.0
2017-01-10,0.0,0.0,0.0
2017-01-11,0.0,0.0,0.0
2017-01-12,0.0,0.0,0.0
2017-01-13,0.0,0.0,0.0
2017-01-16,0.0,0.0,0.0
2017-01-17,0.0,0.0,0.0
2017-01-18,0.0,0.0,0.0
2017-01-19,0.0,0.0,0.0
2017-01-20,0.0,0.0,0.0
2017-01-23,0.0,0.0,0.0
2017-01-24,0.0,0.0,0.0
2017-01-25,0.0,0.0,0.0
2017-01-27,0.0,0.0,0.0
2017-01-30,0.0,0.0,0.0
2017-01-31,0.39999999825016,0.6000000013329482,4.168948558430243e-10
2017-02-01,0.0,0.0,0.0
2017-02-02,0.0,0.0,0.0
2017-02-03,0.0,0.0,0.0
2017-02-06,0.0,0.0,0.0
2017-02-07,0.0,0.0,0.0
2017-02-08,0.0,0.0,0.0
2017-02-09,0.0,0.0,0.0
2017-02-10,0.0,0.0,0.0
2017-02-13,0.0,0.0,0.0
2017-02-14,0.0,0.0,0.0
2017-02-15,0.0,0.0,0.0
2017-02-16,0.0,0.0,0.0
2017-02-17,0.0,0.0,0.0
2017-02-20,0.0,0.0,0.0
2017-02-21,0.0,0.0,0.0
2017-02-22,0.0,0.0,0.0
2017-02-23,0.0,0.0,0.0
2017-02-27,0.0,0.0,0.0
2017-02-28,0.0,0.0,0.0
2017-03-01,0.0,0.0,0.0
2017-03-02,0.3999999467010335,0.0723014524787264,0.52769860082024
2017-03-03,0.0,0.0,0.0
2017-03-06,0.0,0.0,0.0
2017-03-07,0.0,0.0,0.0
2017-03-08,0.0,0.0,0.0
2017-03-09,0.0,0.0,0.0
2017-03-10,0.0,0.0,0.0
2017-03-14,0.0,0.0,0.0
2017-03-15,0.0,0.0,0.0
2017-03-16,0.0,0.0,0.0
2017-03-17,0.0,0.0,0.0
2017-03-20,0.0,0.0,0.0
2017-03-21,0.0,0.0,0.0
2017-03-22,0.0,0.0,0.0
2017-03-23,0.0,0.0,0.0
2017-03-24,0.0,0.0,0.0
2017-03-27,0.0,0.0,0.0
2017-03-28,0.0,0.0,0.0
2017-03-29,0.0,0.0,0.0
2017-03-30,0.0,0.0,0.0
2017-03-31,0.0,0.0,0.0
2017-04-03,0.7999999999004818,1.5787304526272312e-08,0.1999999843122139
2017-04-05,0.0,0.0,0.0
2017-04-06,0.0,0.0,0.0
2017-04-07,0.0,0.0,0.0
2017-04-10,0.0,0.0,0.0
2017-04-11,0.0,0.0,0.0
2017-04-12,0.0,0.0,0.0
2017-04-13,0.0,0.0,0.0
2017-04-17,0.0,0.0,0.0
2017-04-18,0.0,0.0,0.0
2017-04-19,0.0,0.0,0.0
2017-04-20,0.0,0.0,0.0
2017-04-21,0.0,0.0,0.0
2017-04-24,0.0,0.0,0.0
2017-04-25,0.0,0.0,0.0
2017-04-26,0.0,0.0,0.0
2017-04-27,0.0,0.0,0.0
2017-04-28,0.0,0.0,0.0
2017-05-02,0.0,0.0,0.0
2017-05-03,0.0,0.0,0.0
2017-05-04,0.0,0.0,0.0
2017-05-05,0.7999999896840398,0.0,0.20000001103142845
2017-05-08,0.0,0.0,0.0
2017-05-09,0.0,0.0,0.0
2017-05-10,0.0,0.0,0.0
2017-05-11,0.0,0.0,0.0
2017-05-12,0.0,0.0,0.0
2017-05-15,0.0,0.0,0.0
2017-05-16,0.0,0.0,0.0
2017-05-17,0.0,0.0,0.0
2017-05-18,0.0,0.0,0.0
2017-05-19,0.0,0.0,0.0
2017-05-22,0.0,0.0,0.0
2017-05-23,0.0,0.0,0.0
2017-05-24,0.0,0.0,0.0
2017-05-25,0.0,0.0,0.0
2017-05-26,0.0,0.0,0.0
2017-05-29,0.0,0.0,0.0
2017-05-30,0.0,0.0,0.0
2017-05-31,0.0,0.0,0.0
2017-06-01,0.0,0.0,0.0
2017-06-02,0.0,0.0,0.0
2017-06-05,0.7999999959293047,5.7662398071402745e-08,0.19999994640826485
2017-06-06,0.0,0.0,0.0
2017-06-07,0.0,0.0,0.0
2017-06-08,0.0,0.0,0.0
2017-06-09,0.0,0.0,0.0
2017-06-12,0.0,0.0,0.0
2017-06-13,0.0,0.0,0.0
2017-06-14,0.0,0.0,0.0
2017-06-15,0.0,0.0,0.0
2017-06-16,0.0,0.0,0.0
2017-06-19,0.0,0.0,0.0
2017-06-20,0.0,0.0,0.0
2017-06-21,0.0,0.0,0.0
2017-06-22,0.0,0.0,0.0
2017-06-23,0.0,0.0,0.0
2017-06-27,0.0,0.0,0.0
2017-06-28,0.0,0.0,0.0
2017-06-29,0.0,0.0,0.0
2017-06-30,0.0,0.0,0.0
2017-07-03,0.0,0.0,0.0
2017-07-04,0.0,0.0,0.0
2017-07-05,0.7999999998670732,2.7307311200033513e-11,0.20000000010561342
2017-07-06,0.0,0.0,0.0
2017-07-07,0.0,0.0,0.0
2017-07-10,0.0,0.0,0.0
2017-07-11,0.0,0.0,0.0
2017-07-12,0.0,0.0,0.0
2017-07-13,0.0,0.0,0.0
2017-07-14,0.0,0.0,0.0
2017-07-17,0.0,0.0,0.0
2017-07-18,0.0,0.0,0.0
2017-07-19,0.0,0.0,0.0
2017-07-20,0.0,0.0,0.0
2017-07-21,0.0,0.0,0.0
2017-07-24,0.0,0.0,0.0
2017-07-25,0.0,0.0,0.0
2017-07-26,0.0,0.0,0.0
2017-07-27,0.0,0.0,0.0
2017-07-28,0.0,0.0,0.0
2017-07-31,0.0,0.0,0.0
2017-08-01,0.0,0.0,0.0
2017-08-02,0.0,0.0,0.0
2017-08-03,0.7999999998732539,2.485362950287869e-11,0.20000000010188843
2017-08-04,0.0,0.0,0.0
2017-08-07,0.0,0.0,0.0
2017-08-08,0.0,0.0,0.0
2017-08-09,0.0,0.0,0.0
2017-08-10,0.0,0.0,0.0
2017-08-11,0.0,0.0,0.0
2017-08-14,0.0,0.0,0.0
2017-08-16,0.0,0.0,0.0
2017-08-17,0.0,0.0,0.0
2017-08-18,0.0,0.0,0.0
2017-08-21,0.0,0.0,0.0
2017-08-22,0.0,0.0,0.0
2017-08-23,0.0,0.0,0.0
2017-08-24,0.0,0.0,0.0
2017-08-28,0.0,0.0,0.0
2017-08-29,0.0,0.0,0.0
2017-08-30,0.0,0.0,0.0
2017-08-31,0.0,0.0,0.0
2017-09-01,0.0,0.0,0.0
2017-09-04,0.0,0.0,0.0
2017-09-05,0.035839917255813446,0.2500034393080506,0.7141566434361358
2017-09-06,0.0,0.0,0.0
2017-09-07,0.0,0.0,0.0
2017-09-08,0.0,0.0,0.0
2017-09-11,0.0,0.0,0.0
2017-09-12,0.0,0.0,0.0
2017-09-13,0.0,0.0,0.0
2017-09-14,0.0,0.0,0.0
2017-09-15,0.0,0.0,0.0
2017-09-18,0.0,0.0,0.0
2017-09-19,0.0,0.0,0.0
2017-09-20,0.0,0.0,0.0
2017-09-21,0.0,0.0,0.0
2017-09-22,0.0,0.0,0.0
2017-09-25,0.0,0.0,0.0
2017-09-26,0.0,0.0,0.0
2017-09-27,0.0,0.0,0.0
2017-09-28,0.0,0.0,0.0
2017-09-29,0.0,0.0,0.0
2017-10-03,0.0,0.0,0.0
2017-10-04,0.0,0.0,0.0
2017-10-05,0.03870153012923416,0.2500027711986965,0.7112956986720693
2017-10-06,0.0,0.0,0.0
2017-10-09,0.0,0.0,0.0
2017-10-10,0.0,0.0,0.0
2017-10-11,0.0,0.0,0.0
2017-10-12,0.0,0.0,0.0
2017-10-13,0.0,0.0,0.0
2017-10-16,0.0,0.0,0.0
2017-10-17,0.0,0.0,0.0
2017-10-18,0.0,0.0,0.0
2017-10-19,0.0,0.0,0.0
2017-10-23,0.0,0.0,0.0
2017-10-24,0.0,0.0,0.0
2017-10-25,0.0,0.0,0.0
2017-10-26,0.0,0.0,0.0
2017-10-27,0.0,0.0,0.0
2017-10-30,0.0,0.0,0.0
2017-10-31,0.0,0.0,0.0
2017-11-01,0.0,0.0,0.0
2017-11-02,0.0,0.0,0.0
2017-11-03,0.0,0.0,0.0
2017-11-06,0.799999994308606,6.035235220235556e-09,0.19999999965612153
2017-11-07,0.0,0.0,0.0
2017-11-08,0.0,0.0,0.0
2017-11-09,0.0,0.0,0.0
2017-11-10,0.0,0.0,0.0
2017-11-13,0.0,0.0,0.0
2017-11-14,0.0,0.0,0.0
2017-11-15,0.0,0.0,0.0
2017-11-16,0.0,0.0,0.0
2017-11-17,0.0,0.0,0.0
2017-11-20,0.0,0.0,0.0
2017-11-21,0.0,0.0,0.0
2017-11-22,0.0,0.0,0.0
2017-11-23,0.0,0.0,0.0
2017-11-24,0.0,0.0,0.0
2017-11-27,0.0,0.0,0.0
2017-11-28,0.0,0.0,0.0
2017-11-29,0.0,0.0,0.0
2017-11-30,0.0,0.0,0.0
2017-12-01,0.0,0.0,0.0
2017-12-04,0.0,0.0,0.0
2017-12-05,0.8000000001653588,8.197001342506588e-09,0.19999999163764084
2017-12-06,0.0,0.0,0.0
2017-12-07,0.0,0.0,0.0
2017-12-08,0.0,0.0,0.0
2017-12-11,0.0,0.0,0.0
2017-12-12,0.0,0.0,0.0
2017-12-13,0.0,0.0,0.0
2017-12-14,0.0,0.0,0.0
2017-12-15,0.0,0.0,0.0
2017-12-18,0.0,0.0,0.0
2017-12-19,0.0,0.0,0.0
2017-12-20,0.0,0.0,0.0
2017-12-21,0.0,0.0,0.0
2017-12-22,0.0,0.0,0.0
2017-12-26,0.0,0.0,0.0
2017-12-27,0.0,0.0,0.0
2017-12-28,0.0,0.0,0.0
2017-12-29,0.0,0.0,0.0
2018-01-01,0.0,0.0,0.0
2018-01-02,0.0,0.0,0.0
2018-01-03,0.0,0.0,0.0
2018-01-04,0.7999999791582273,1.632356119252419e-05,0.19998369728058024
2018-01-05,0.0,0.0,0.0
2018-01-08,0.0,0.0,0.0
2018-01-09,0.0,0.0,0.0
2018-01-10,0.0,0.0,0.0
2018-01-11,0.0,0.0,0.0
2018-01-12,0.0,0.0,0.0
2018-01-15,0.0,0.0,0.0
2018-01-16,0.0,0.0,0.0
2018-01-17,0.0,0.0,0.0
2018-01-18,0.0,0.0,0.0
2018-01-19,0.0,0.0,0.0
2018-01-22,0.0,0.0,0.0
2018-01-23,0.0,0.0,0.0
2018-01-24,0.0,0.0,0.0
2018-01-25,0.0,0.0,0.0
2018-01-29,0.0,0.0,0.0
2018-01-30,0.0,0.0,0.0
2018-01-31,0.0,0.0,0.0
2018-02-01,0.0,0.0,0.0
2018-02-02,0.0,0.0,0.0
2018-02-05,0.08290607410647842,0.25000658847985824,0.6670873374136633
2018-02-06,0.0,0.0,0.0
2018-02-07,0.0,0.0,0.0
2018-02-08,0.0,0.0,0.0
2018-02-09,0.0,0.0,0.0
2018-02-12,0.0,0.0,0.0
2018-02-14,0.0,0.0,0.0
2018-02-15,0.0,0.0,0.0
2018-02-16,0.0,0.0,0.0
2018-02-19,0.0,0.0,0.0
2018-02-20,0.0,0.0,0.0
2018-02-21,0.0,0.0,0.0
2018-02-22,0.0,0.0,0.0
2018-02-23,0.0,0.0,0.0
2018-02-26,0.0,0.0,0.0
2018-02-27,0.0,0.0,0.0
2018-02-28,0.0,0.0,0.0
2018-03-01,0.0,0.0,0.0
2018-03-05,0.0,0.0,0.0
2018-03-06,0.0,0.0,0.0
2018-03-07,0.0,0.0,0.0
2018-03-08,0.0849230439954067,0.25000818327369995,0.6650687727308932
2018-03-09,0.0,0.0,0.0
2018-03-12,0.0,0.0,0.0
2018-03-13,0.0,0.0,0.0
2018-03-14,0.0,0.0,0.0
2018-03-15,0.0,0.0,0.0
2018-03-16,0.0,0.0,0.0
2018-03-19,0.0,0.0,0.0
2018-03-20,0.0,0.0,0.0
2018-03-21,0.0,0.0,0.0
2018-03-22,0.0,0.0,0.0
2018-03-23,0.0,0.0,0.0
2018-03-26,0.0,0.0,0.0
2018-03-27,0.0,0.0,0.0
2018-03-28,0.0,0.0,0.0
2018-04-02,0.0,0.0,0.0
2018-04-03,0.0,0.0,0.0
2018-04-04,0.0,0.0,0.0
2018-04-05,0.0,0.0,0.0
2018-04-06,0.0,0.0,0.0
2018-04-09,0.0,0.0,0.0
2018-04-10,0.08244196432853501,0.25000786287470184,0.6675501727967632
2018-04-11,0.0,0.0,0.0
2018-04-12,0.0,0.0,0.0
2018-04-13,0.0,0.0,0.0
2018-04-16,0.0,0.0,0.0
2018-04-17,0.0,0.0,0.0
2018-04-18,0.0,0.0,0.0
2018-04-19,0.0,0.0,0.0
2018-04-20,0.0,0.0,0.0
2018-04-23,0.0,0.0,0.0
2018-04-24,0.0,0.0,0.0
2018-04-25,0.0,0.0,0.0
2018-04-26,0.0,0.0,0.0
2018-04-27,0.0,0.0,0.0
2018-04-30,0.0,0.0,0.0
2018-05-02,0.0,0.0,0.0
2018-05-03,0.0,0.0,0.0
2018-05-04,0.0,0.0,0.0
2018-05-07,0.0,0.0,0.0
2018-05-08,0.0,0.0,0.0
2018-05-09,0.0,0.0,0.0
2018-05-10,0.7999999972296898,0.20000000180797037,9.623357750971878e-10
2018-05-11,0.0,0.0,0.0
2018-05-14,0.0,0.0,0.0
2018-05-15,0.0,0.0,0.0
2018-05-16,0.0,0.0,0.0
2018-05-17,0.0,0.0,0.0
2018-05-18,0.0,0.0,0.0
2018-05-21,0.0,0.0,0.0
2018-05-22,0.0,0.0,0.0
2018-05-23,0.0,0.0,0.0
2018-05-24,0.0,0.0,0.0
2018-05-25,0.0,0.0,0.0
2018-05-28,0.0,0.0,0.0
2018-05-29,0.0,0.0,0.0
2018-05-30,0.0,0.0,0.0
2018-05-31,0.0,0.0,0.0
2018-06-01,0.0,0.0,0.0
2018-06-04,0.0,0.0,0.0
2018-06-05,0.0,0.0,0.0
2018-06-06,0.0,0.0,0.0
2018-06-07,0.0,0.0,0.0
2018-06-08,0.39999999863689023,0.39288652765997484,0.20711347370313277
2018-06-11,0.0,0.0,0.0
2018-06-12,0.0,0.0,0.0
2018-06-13,0.0,0.0,0.0
2018-06-14,0.0,0.0,0.0
2018-06-15,0.0,0.0,0.0
2018-06-18,0.0,0.0,0.0
2018-06-19,0.0,0.0,0.0
2018-06-20,0.0,0.0,0.0
2018-06-21,0.0,0.0,0.0
2018-06-22,0.0,0.0,0.0
2018-06-25,0.0,0.0,0.0
2018-06-26,0.0,0.0,0.0
2018-06-27,0.0,0.0,0.0
2018-06-28,0.0,0.0,0.0
2018-06-29,0.0,0.0,0.0
2018-07-02,0.0,0.0,0.0
2018-07-03,0.0,0.0,0.0
2018-07-04,0.0,0.0,0.0
2018-07-05,0.0,0.0,0.0
2018-07-06,0.0,0.0,0.0
2018-07-09,0.3999999977217937,0.6000000001623282,2.115878155077012e-09
2018-07-10,0.0,0.0,0.0
2018-07-11,0.0,0.0,0.0
2018-07-12,0.0,0.0,0.0
2018-07-13,0.0,0.0,0.0
2018-07-16,0.0,0.0,0.0
2018-07-17,0.0,0.0,0.0
2018-07-18,0.0,0.0,0.0
2018-07-19,0.0,0.0,0.0
2018-07-20,0.0,0.0,0.0
2018-07-23,0.0,0.0,0.0
2018-07-24,0.0,0.0,0.0
2018-07-25,0.0,0.0,0.0
2018-07-26,0.0,0.0,0.0
2018-07-27,0.0,0.0,0.0
2018-07-30,0.0,0.0,0.0
2018-07-31,0.0,0.0,0.0
2018-08-01,0.0,0.0,0.0
2018-08-02,0.0,0.0,0.0
2018-08-03,0.0,0.0,0.0
2018-08-06,0.0,0.0,0.0
2018-08-07,0.7999999849335033,0.06035692176696908,0.13964309329952754
2018-08-08,0.0,0.0,0.0
2018-08-09,0.0,0.0,0.0
2018-08-10,0.0,0.0,0.0
2018-08-13,0.0,0.0,0.0
2018-08-14,0.0,0.0,0.0
2018-08-16,0.0,0.0,0.0
2018-08-17,0.0,0.0,0.0
2018-08-20,0.0,0.0,0.0
2018-08-21,0.0,0.0,0.0
2018-08-23,0.0,0.0,0.0
2018-08-24,0.0,0.0,0.0
2018-08-27,0.0,0.0,0.0
2018-08-28,0.0,0.0,0.0
2018-08-29,0.0,0.0,0.0
2018-08-30,0.0,0.0,0.0
2018-08-31,0.0,0.0,0.0
2018-09-03,0.0,0.0,0.0
2018-09-04,0.0,0.0,0.0
2018-09-05,0.0,0.0,0.0
2018-09-06,0.0,0.0,0.0
2018-09-07,0.800000000494799,1.3616987933082668e-07,0.1999998633353027
2018-09-10,0.0,0.0,0.0
2018-09-11,0.0,0.0,0.0
2018-09-12,0.0,0.0,0.0
2018-09-14,0.0,0.0,0.0
2018-09-17,0.0,0.0,0.0
2018-09-18,0.0,0.0,0.0
2018-09-19,0.0,0.0,0.0
2018-09-21,0.0,0.0,0.0
2018-09-24,0.0,0.0,0.0
2018-09-25,0.0,0.0,0.0
2018-09-26,0.0,0.0,0.0
2018-09-27,0.0,0.0,0.0
2018-09-28,0.0,0.0,0.0
2018-10-01,0.0,0.0,0.0
2018-10-03,0.0,0.0,0.0
2018-10-04,0.0,0.0,0.0
2018-10-05,0.0,0.0,0.0
2018-10-08,0.0,0.0,0.0
2018-10-09,0.0,0.0,0.0
2018-10-10,0.0,0.0,0.0
2018-10-11,0.05067027023229482,0.2500691788409346,0.6992605509267706
2018-10-12,0.0,0.0,0.0
2018-10-15,0.0,0.0,0.0
2018-10-16,0.0,0.0,0.0
2018-10-17,0.0,0.0,0.0
2018-10-19,0.0,0.0,0.0
2018-10-22,0.0,0.0,0.0
2018-10-23,0.0,0.0,0.0
2018-10-24,0.0,0.0,0.0
2018-10-25,0.0,0.0,0.0
2018-10-26,0.0,0.0,0.0
2018-10-29,0.0,0.0,0.0
2018-10-30,0.0,0.0,0.0
2018-10-31,0.0,0.0,0.0
2018-11-01,0.0,0.0,0.0
2018-11-02,0.0,0.0,0.0
2018-11-05,0.0,0.0,0.0
2018-11-06,0.0,0.0,0.0
2018-11-07,0.0,0.0,0.0
2018-11-09,0.0,0.0,0.0
2018-11-12,0.0,0.0,0.0
2018-11-13,0.04014076162612305,0.2500015227236206,0.7098577156502562
2018-11-14,0.0,0.0,0.0
2018-11-15,0.0,0.0,0.0
2018-11-16,0.0,0.0,0.0
2018-11-19,0.0,0.0,0.0
2018-11-20,0.0,0.0,0.0
2018-11-21,0.0,0.0,0.0
2018-11-22,0.0,0.0,0.0
2018-11-26,0.0,0.0,0.0
2018-11-27,0.0,0.0,0.0
2018-11-28,0.0,0.0,0.0
2018-11-29,0.0,0.0,0.0
2018-11-30,0.0,0.0,0.0
2018-12-03,0.0,0.0,0.0
2018-12-04,0.0,0.0,0.0
2018-12-05,0.0,0.0,0.0
2018-12-06,0.0,0.0,0.0
2018-12-07,0.0,0.0,0.0
2018-12-10,0.0,0.0,0.0
2018-12-11,0.0,0.0,0.0
2018-12-12,0.0,0.0,0.0
2018-12-13,0.39010806415241467,0.6098885425716561,3.393275929111561e-06
2018-12-14,0.0,0.0,0.0
2018-12-17,0.0,0.0,0.0
2018-12-18,0.0,0.0,0.0
2018-12-19,0.0,0.0,0.0
2018-12-20,0.0,0.0,0.0
2018-12-21,0.0,0.0,0.0
2018-12-24,0.0,0.0,0.0
2018-12-26,0.0,0.0,0.0
2018-12-27,0.0,0.0,0.0
2018-12-28,0.0,0.0,0.0
2018-12-31,0.0,0.0,0.0
2019-01-01,0.0,0.0,0.0
2019-01-02,0.0,0.0,0.0
2019-01-03,0.0,0.0,0.0
2019-01-04,0.0,0.0,0.0
2019-01-07,0.0,0.0,0.0
2019-01-08,0.0,0.0,0.0
2019-01-09,0.0,0.0,0.0
2019-01-10,0.0,0.0,0.0
2019-01-11,0.0,0.0,0.0
2019-01-14,0.00010931814954093753,0.7999973717313382,0.19989331011912095
2019-01-15,0.0,0.0,0.0
2019-01-16,0.0,0.0,0.0
2019-01-17,0.0,0.0,0.0
2019-01-18,0.0,0.0,0.0
2019-01-21,0.0,0.0,0.0
2019-01-22,0.0,0.0,0.0
2019-01-23,0.0,0.0,0.0
2019-01-24,0.0,0.0,0.0
2019-01-25,0.0,0.0,0.0
2019-01-28,0.0,0.0,0.0
2019-01-29,0.0,0.0,0.0
2019-01-30,0.0,0.0,0.0
2019-01-31,0.0,0.0,0.0
2019-02-01,0.0,0.0,0.0
2019-02-04,0.0,0.0,0.0
2019-02-05,0.0,0.0,0.0
2019-02-06,0.0,0.0,0.0
2019-02-07,0.0,0.0,0.0
2019-02-08,0.0,0.0,0.0
2019-02-11,0.0,0.0,0.0
2019-02-12,1.0673319446015854e-05,0.7999945045143741,0.1999948221661797
2019-02-14,0.0,0.0,0.0
2019-02-15,0.0,0.0,0.0
2019-02-18,0.0,0.0,0.0
2019-02-19,0.0,0.0,0.0
2019-02-20,0.0,0.0,0.0
2019-02-21,0.0,0.0,0.0
2019-02-22,0.0,0.0,0.0
2019-02-25,0.0,0.0,0.0
2019-02-26,0.0,0.0,0.0
2019-02-27,0.0,0.0,0.0
2019-02-28,0.0,0.0,0.0
2019-03-01,0.0,0.0,0.0
2019-03-05,0.0,0.0,0.0
2019-03-06,0.0,0.0,0.0
2019-03-07,0.0,0.0,0.0
2019-03-08,0.0,0.0,0.0
2019-03-11,0.0,0.0,0.0
2019-03-12,0.0,0.0,0.0
2019-03-13,0.0,0.0,0.0
2019-03-14,0.0,0.0,0.0
2019-03-15,0.3999990986791888,0.1424625116857593,0.45753838963505156
2019-03-18,0.0,0.0,0.0
2019-03-19,0.0,0.0,0.0
2019-03-20,0.0,0.0,0.0
2019-03-22,0.0,0.0,0.0
2019-03-25,0.0,0.0,0.0
2019-03-26,0.0,0.0,0.0
2019-03-27,0.0,0.0,0.0
2019-03-28,0.0,0.0,0.0
2019-04-01,0.0,0.0,0.0
2019-04-02,0.0,0.0,0.0
2019-04-03,0.0,0.0,0.0
2019-04-04,0.0,0.0,0.0
2019-04-05,0.0,0.0,0.0
2019-04-08,0.0,0.0,0.0
2019-04-09,0.0,0.0,0.0
2019-04-10,0.0,0.0,0.0
2019-04-11,0.0,0.0,0.0
2019-04-12,0.0,0.0,0.0
2019-04-15,0.0,0.0,0.0
2019-04-16,0.0,0.0,0.0
2019-04-18,0.7999999980765686,9.969995068816101e-09,0.1999999919534369
2019-04-22,0.0,0.0,0.0
2019-04-23,0.0,0.0,0.0
2019-04-24,0.0,0.0,0.0
2019-04-25,0.0,0.0,0.0
2019-04-26,0.0,0.0,0.0
2019-04-30,0.0,0.0,0.0
2019-05-02,0.0,0.0,0.0
2019-05-03,0.0,0.0,0.0
2019-05-06,0.0,0.0,0.0
2019-05-07,0.0,0.0,0.0
2019-05-08,0.0,0.0,0.0
2019-05-09,0.0,0.0,0.0
2019-05-10,0.0,0.0,0.0
2019-05-13,0.0,0.0,0.0
2019-05-14,0.0,0.0,0.0
2019-05-15,0.0,0.0,0.0
2019-05-16,0.0,0.0,0.0
2019-05-17,0.0,0.0,0.0
2019-05-20,0.0,0.0,0.0
2019-05-21,0.0,0.0,0.0
2019-05-22,0.3999999912633811,4.971173249835651e-10,0.6000000082394988
2019-05-23,0.0,0.0,0.0
2019-05-24,0.0,0.0,0.0
2019-05-27,0.0,0.0,0.0
2019-05-28,0.0,0.0,0.0
2019-05-29,0.0,0.0,0.0
2019-05-30,0.0,0.0,0.0
2019-05-31,0.0,0.0,0.0
2019-06-03,0.0,0.0,0.0
2019-06-04,0.0,0.0,0.0
2019-06-06,0.0,0.0,0.0
2019-06-07,0.0,0.0,0.0
2019-06-10,0.0,0.0,0.0
2019-06-11,0.0,0.0,0.0
2019-06-12,0.0,0.0,0.0
2019-06-13,0.0,0.0,0.0
2019-06-14,0.0,0.0,0.0
2019-06-17,0.0,0.0,0.0
2019-06-18,0.0,0.0,0.0
2019-06-19,0.0,0.0,0.0
2019-06-20,0.0,0.0,0.0
2019-06-21,0.399999761153808,0.6000002118778832,2.6968265908532554e-08
2019-06-24,0.0,0.0,0.0
2019-06-25,0.0,0.0,0.0
2019-06-26,0.0,0.0,0.0
2019-06-27,0.0,0.0,0.0
2019-06-28,0.0,0.0,0.0
2019-07-01,0.0,0.0,0.0
2019-07-02,0.0,0.0,0.0
2019-07-03,0.0,0.0,0.0
2019-07-04,0.0,0.0,0.0
2019-07-05,0.0,0.0,0.0
2019-07-08,0.0,0.0,0.0
2019-07-09,0.0,0.0,0.0
2019-07-10,0.0,0.0,0.0
2019-07-11,0.0,0.0,0.0
2019-07-12,0.0,0.0,0.0
2019-07-15,0.0,0.0,0.0
2019-07-16,0.0,0.0,0.0
2019-07-17,0.0,0.0,0.0
2019-07-18,0.0,0.0,0.0
2019-07-19,0.0,0.0,0.0
2019-07-22,0.1999998884758776,0.7999999972948959,1.1422917680352192e-07
2019-07-23,0.0,0.0,0.0
2019-07-24,0.0,0.0,0.0
2019-07-25,0.0,0.0,0.0
2019-07-26,0.0,0.0,0.0
2019-07-29,0.0,0.0,0.0
2019-07-30,0.0,0.0,0.0
2019-07-31,0.0,0.0,0.0
2019-08-01,0.0,0.0,0.0
2019-08-02,0.0,0.0,0.0
2019-08-05,0.0,0.0,0.0
2019-08-06,0.0,0.0,0.0
2019-08-07,0.0,0.0,0.0
2019-08-08,0.0,0.0,0.0
2019-08-09,0.0,0.0,0.0
2019-08-13,0.0,0.0,0.0
2019-08-14,0.0,0.0,0.0
2019-08-16,0.0,0.0,0.0
2019-08-19,0.0,0.0,0.0
2019-08-20,0.0,0.0,0.0
2019-08-21,0.0,0.0,0.0
2019-08-22,0.06000260530928725,0.2500296009597762,0.6899677937309365
2019-08-23,0.0,0.0,0.0
2019-08-26,0.0,0.0,0.0
2019-08-27,0.0,0.0,0.0
2019-08-28,0.0,0.0,0.0
2019-08-29,0.0,0.0,0.0
2019-08-30,0.0,0.0,0.0
2019-09-03,0.0,0.0,0.0
2019-09-04,0.0,0.0,0.0
2019-09-05,0.0,0.0,0.0
2019-09-06,0.0,0.0,0.0
2019-09-09,0.0,0.0,0.0
2019-09-11,0.0,0.0,0.0
2019-09-12,0.0,0.0,0.0
2019-09-13,0.0,0.0,0.0
2019-09-16,0.0,0.0,0.0
2019-09-17,0.0,0.0,0.0
2019-09-18,0.0,0.0,0.0
2019-09-19,0.0,0.0,0.0
2019-09-20,0.0,0.0,0.0
2019-09-23,0.0,0.0,0.0
2019-09-24,0.04848744479161675,0.25000058015930254,0.7015119750490808
2019-09-25,0.0,0.0,0.0
2019-09-26,0.0,0.0,0.0
2019-09-27,0.0,0.0,0.0
2019-09-30,0.0,0.0,0.0
2019-10-01,0.0,0.0,0.0
2019-10-03,0.0,0.0,0.0
2019-10-04,0.0,0.0,0.0
2019-10-07,0.0,0.0,0.0
2019-10-09,0.0,0.0,0.0
2019-10-10,0.0,0.0,0.0
2019-10-11,0.0,0.0,0.0
2019-10-14,0.0,0.0,0.0
2019-10-15,0.0,0.0,0.0
2019-10-16,0.0,0.0,0.0
2019-10-17,0.0,0.0,0.0
2019-10-18,0.0,0.0,0.0
2019-10-22,0.0,0.0,0.0
2019-10-23,0.0,0.0,0.0
2019-10-24,0.0,0.0,0.0
2019-10-25,0.0,0.0,0.0
2019-10-27,0.20000002027200867,0.7999999789891188,7.388768470037986e-10
2019-10-29,0.0,0.0,0.0
2019-10-30,0.0,0.0,0.0
2019-10-31,0.0,0.0,0.0
2019-11-01,0.0,0.0,0.0
2019-11-04,0.0,0.0,0.0
2019-11-05,0.0,0.0,0.0
2019-11-06,0.0,0.0,0.0
2019-11-07,0.0,0.0,0.0
2019-11-08,0.0,0.0,0.0
2019-11-11,0.0,0.0,0.0
2019-11-13,0.0,0.0,0.0
2019-11-14,0.0,0.0,0.0
2019-11-15,0.0,0.0,0.0
2019-11-18,0.0,0.0,0.0
2019-11-19,0.0,0.0,0.0
2019-11-20,0.0,0.0,0.0
2019-11-21,0.0,0.0,0.0
2019-11-22,0.0,0.0,0.0
2019-11-25,0.0,0.0,0.0
2019-11-26,0.0,0.0,0.0
2019-11-27,0.6500000007488305,0.3499999983389879,9.121820545510647e-10
2019-11-28,0.0,0.0,0.0
2019-11-29,0.0,0.0,0.0
2019-12-02,0.0,0.0,0.0
2019-12-03,0.0,0.0,0.0
2019-12-04,0.0,0.0,0.0
2019-12-05,0.0,0.0,0.0
2019-12-06,0.0,0.0,0.0
2019-12-09,0.0,0.0,0.0
2019-12-10,0.0,0.0,0.0
2019-12-11,0.0,0.0,0.0
2019-12-12,0.0,0.0,0.0
2019-12-13,0.0,0.0,0.0
2019-12-16,0.0,0.0,0.0
2019-12-17,0.0,0.0,0.0
2019-12-18,0.0,0.0,0.0
2019-12-19,0.0,0.0,0.0
2019-12-20,0.0,0.0,0.0
2019-12-23,0.0,0.0,0.0
2019-12-24,0.0,0.0,0.0
2019-12-26,0.0,0.0,0.0
2019-12-27,0.7999999545178585,0.005019081852370844,0.19498096362964368
2019-12-30,0.0,0.0,0.0
2019-12-31,0.0,0.0,0.0
2020-01-01,0.0,0.0,0.0
2020-01-02,0.0,0.0,0.0
2020-01-03,0.0,0.0,0.0
2020-01-06,0.0,0.0,0.0
2020-01-07,0.0,0.0,0.0
2020-01-08,0.0,0.0,0.0
2020-01-09,0.0,0.0,0.0
2020-01-10,0.0,0.0,0.0
2020-01-13,0.0,0.0,0.0
2020-01-14,0.0,0.0,0.0
2020-01-15,0.0,0.0,0.0
2020-01-16,0.0,0.0,0.0
2020-01-17,0.0,0.0,0.0
2020-01-20,0.0,0.0,0.0
2020-01-21,0.0,0.0,0.0
2020-01-22,0.0,0.0,0.0
2020-01-23,0.0,0.0,0.0
2020-01-24,0.0,0.0,0.0
2020-01-27,0.3999996124590008,0.0025108783512550596,0.5974895091902189
2020-01-28,0.0,0.0,0.0
2020-01-29,0.0,0.0,0.0
2020-01-30,0.0,0.0,0.0
2020-01-31,0.0,0.0,0.0
2020-02-03,0.0,0.0,0.0
2020-02-04,0.0,0.0,0.0
2020-02-05,0.0,0.0,0.0
2020-02-06,0.0,0.0,0.0
2020-02-07,0.0,0.0,0.0
2020-02-10,0.0,0.0,0.0
2020-02-11,0.0,0.0,0.0
2020-02-12,0.0,0.0,0.0
2020-02-13,0.0,0.0,0.0
2020-02-14,0.0,0.0,0.0
2020-02-17,0.0,0.0,0.0
2020-02-18,0.0,0.0,0.0
2020-02-19,0.0,0.0,0.0
2020-02-20,0.0,0.0,0.0
2020-02-24,0.0,0.0,0.0
2020-02-25,0.0,0.0,0.0
2020-02-26,0.14999854291962164,0.24999999999962116,0.6000014570807571
2020-02-27,0.0,0.0,0.0
2020-02-28,0.0,0.0,0.0
2020-03-02,0.0,0.0,0.0
2020-03-03,0.0,0.0,0.0
2020-03-04,0.0,0.0,0.0
2020-03-05,0.0,0.0,0.0
2020-03-06,0.0,0.0,0.0
2020-03-09,0.0,0.0,0.0
2020-03-11,0.0,0.0,0.0
2020-03-12,0.0,0.0,0.0
2020-03-13,0.0,0.0,0.0
2020-03-16,0.0,0.0,0.0
2020-03-17,0.0,0.0,0.0
2020-03-18,0.0,0.0,0.0
2020-03-19,0.0,0.0,0.0
2020-03-20,0.0,0.0,0.0
2020-03-23,0.0,0.0,0.0
2020-03-24,0.0,0.0,0.0
2020-03-25,0.0,0.0,0.0
2020-03-26,0.0,0.0,0.0
2020-03-27,7.746225860633004e-07,0.25000000000158296,0.7499992253758342
2020-03-30,0.0,0.0,0.0
2020-03-31,0.0,0.0,0.0
2020-04-01,0.0,0.0,0.0
2020-04-03,0.0,0.0,0.0
2020-04-07,0.0,0.0,0.0
2020-04-08,0.0,0.0,0.0
2020-04-09,0.0,0.0,0.0
2020-04-13,0.0,0.0,0.0
2020-04-15,0.0,0.0,0.0
2020-04-16,0.0,0.0,0.0
2020-04-17,0.0,0.0,0.0
2020-04-20,0.0,0.0,0.0
2020-04-21,0.0,0.0,0.0
2020-04-22,0.0,0.0,0.0
2020-04-23,0.0,0.0,0.0
2020-04-24,0.0,0.0,0.0
2020-04-27,0.0,0.0,0.0
2020-04-28,0.0,0.0,0.0
2020-04-29,0.0,0.0,0.0
2020-04-30,0.0,0.0,0.0
2020-05-04,0.0002211778906082525,0.25000000003133827,0.7497788220780534
2020-05-05,0.0,0.0,0.0
2020-05-06,0.0,0.0,0.0
2020-05-07,0.0,0.0,0.0
2020-05-08,0.0,0.0,0.0
2020-05-11,0.0,0.0,0.0
2020-05-12,0.0,0.0,0.0
2020-05-13,0.0,0.0,0.0
2020-05-14,0.0,0.0,0.0
2020-05-15,0.0,0.0,0.0
2020-05-18,0.0,0.0,0.0
2020-05-19,0.0,0.0,0.0
2020-05-20,0.0,0.0,0.0
2020-05-21,0.0,0.0,0.0
2020-05-22,0.0,0.0,0.0
2020-05-26,0.0,0.0,0.0
2020-05-27,0.0,0.0,0.0
2020-05-28,0.0,0.0,0.0
2020-05-29,0.0,0.0,0.0
2020-06-01,0.0,0.0,0.0
2020-06-02,0.0,0.0,0.0
2020-06-03,0.19748387749073837,0.002516129014963046,0.7999999934943618
2020-06-04,0.0,0.0,0.0
2020-06-05,0.0,0.0,0.0
2020-06-08,0.0,0.0,0.0
2020-06-09,0.0,0.0,0.0
2020-06-10,0.0,0.0,0.0
2020-06-11,0.0,0.0,0.0
2020-06-12,0.0,0.0,0.0
2020-06-15,0.0,0.0,0.0
2020-06-16,0.0,0.0,0.0
2020-06-17,0.0,0.0,0.0
2020-06-18,0.0,0.0,0.0
2020-06-19,0.0,0.0,0.0
2020-06-22,0.0,0.0,0.0
2020-06-23,0.0,0.0,0.0
2020-06-24,0.0,0.0,0.0
2020-06-25,0.0,0.0,0.0
2020-06-26,0.0,0.0,0.0
2020-06-29,0.0,0.0,0.0
2020-06-30,0.0,0.0,0.0
2020-07-01,0.0,0.0,0.0
2020-07-02,0.5449701923283218,0.005029811444023606,0.44999999622756326
2020-07-03,0.0,0.0,0.0
2020-07-06,0.0,0.0,0.0
2020-07-07,0.0,0.0,0.0
2020-07-08,0.0,0.0,0.0
2020-07-09,0.0,0.0,0.0
2020-07-10,0.0,0.0,0.0
2020-07-13,0.0,0.0,0.0
2020-07-14,0.0,0.0,0.0
2020-07-15,0.0,0.0,0.0
2020-07-16,0.0,0.0,0.0
2020-07-17,0.0,0.0,0.0
2020-07-20,0.0,0.0,0.0
2020-07-21,0.0,0.0,0.0
2020-07-22,0.0,0.0,0.0
2020-07-23,0.0,0.0,0.0
2020-07-24,0.0,0.0,0.0
2020-07-27,0.0,0.0,0.0
2020-07-28,0.0,0.0,0.0
2020-07-29,0.0,0.0,0.0
2020-07-30,0.0,0.0,0.0
2020-07-31,0.5449687840803997,0.005031227694304704,0.4499999882251717
2020-08-03,0.0,0.0,0.0
2020-08-04,0.0,0.0,0.0
2020-08-05,0.0,0.0,0.0
2020-08-06,0.0,0.0,0.0
2020-08-07,0.0,0.0,0.0
2020-08-10,0.0,0.0,0.0
2020-08-11,0.0,0.0,0.0
2020-08-12,0.0,0.0,0.0
2020-08-13,0.0,0.0,0.0
2020-08-14,0.0,0.0,0.0
2020-08-17,0.0,0.0,0.0
2020-08-18,0.0,0.0,0.0
2020-08-19,0.0,0.0,0.0
2020-08-20,0.0,0.0,0.0
2020-08-21,0.0,0.0,0.0
2020-08-24,0.0,0.0,0.0
2020-08-25,0.0,0.0,0.0
2020-08-26,0.0,0.0,0.0
2020-08-27,0.0,0.0,0.0
2020-08-28,0.0,0.0,0.0
2020-08-31,0.5449770834314079,0.005023019939557611,0.44999989662872913
2020-09-01,0.0,0.0,0.0
2020-09-02,0.0,0.0,0.0
2020-09-03,0.0,0.0,0.0
2020-09-04,0.0,0.0,0.0
2020-09-07,0.0,0.0,0.0
2020-09-08,0.0,0.0,0.0
2020-09-09,0.0,0.0,0.0
2020-09-10,0.0,0.0,0.0
2020-09-11,0.0,0.0,0.0
2020-09-14,0.0,0.0,0.0
2020-09-15,0.0,0.0,0.0
2020-09-16,0.0,0.0,0.0
2020-09-17,0.0,0.0,0.0
2020-09-18,0.0,0.0,0.0
2020-09-21,0.0,0.0,0.0
2020-09-22,0.0,0.0,0.0
2020-09-23,0.0,0.0,0.0
2020-09-24,0.0,0.0,0.0
2020-09-25,0.0,0.0,0.0
2020-09-28,0.0,0.0,0.0
2020-09-29,0.5449757381595155,0.005024273388809268,0.4499999884515461
2020-09-30,0.0,0.0,0.0
2020-10-01,0.0,0.0,0.0
2020-10-05,0.0,0.0,0.0
2020-10-06,0.0,0.0,0.0
2020-10-07,0.0,0.0,0.0
2020-10-08,0.0,0.0,0.0
2020-10-09,0.0,0.0,0.0
2020-10-12,0.0,0.0,0.0
2020-10-13,0.0,0.0,0.0
2020-10-14,0.0,0.0,0.0
2020-10-15,0.0,0.0,0.0
2020-10-16,0.0,0.0,0.0
2020-10-19,0.0,0.0,0.0
2020-10-20,0.0,0.0,0.0
2020-10-21,0.0,0.0,0.0
2020-10-22,0.0,0.0,0.0
2020-10-23,0.0,0.0,0.0
2020-10-26,0.0,0.0,0.0
2020-10-27,0.0,0.0,0.0
2020-10-28,0.0,0.0,0.0
2020-10-29,0.19749010289660404,0.002509970141111302,0.7999999269624254
2020-10-30,0.0,0.0,0.0
2020-11-02,0.0,0.0,0.0
2020-11-03,0.0,0.0,0.0
2020-11-04,0.0,0.0,0.0
2020-11-05,0.0,0.0,0.0
2020-11-06,0.0,0.0,0.0
2020-11-09,0.0,0.0,0.0
2020-11-10,0.0,0.0,0.0
2020-11-11,0.0,0.0,0.0
2020-11-12,0.0,0.0,0.0
2020-11-13,0.0,0.0,0.0
2020-11-14,0.0,0.0,0.0
2020-11-17,0.0,0.0,0.0
2020-11-18,0.0,0.0,0.0
2020-11-19,0.0,0.0,0.0
2020-11-20,0.0,0.0,0.0
2020-11-23,0.0,0.0,0.0
2020-11-24,0.0,0.0,0.0
2020-11-25,0.0,0.0,0.0
2020-11-26,0.0,0.0,0.0
2020-11-27,0.5449820940300437,0.005019539461769477,0.4499983665079161
2020-12-01,0.0,0.0,0.0
2020-12-02,0.0,0.0,0.0
2020-12-03,0.0,0.0,0.0
2020-12-04,0.0,0.0,0.0
2020-12-07,0.0,0.0,0.0
2020-12-08,0.0,0.0,0.0
2020-12-09,0.0,0.0,0.0
2020-12-10,0.0,0.0,0.0
2020-12-11,0.0,0.0,0.0
2020-12-14,0.0,0.0,0.0
2020-12-15,0.0,0.0,0.0
2020-12-16,0.0,0.0,0.0
2020-12-17,0.0,0.0,0.0
2020-12-18,0.0,0.0,0.0
2020-12-21,0.0,0.0,0.0
2020-12-22,0.0,0.0,0.0
2020-12-23,0.0,0.0,0.0
2020-12-24,0.0,0.0,0.0
2020-12-28,0.0,0.0,0.0
2020-12-29,0.0,0.0,0.0
2020-12-30,0.6499999947810834,0.3499999996668607,5.552070633947415e-09
2020-12-31,0.0,0.0,0.0
2021-01-01,0.0,0.0,0.0
2021-01-04,0.0,0.0,0.0
2021-01-05,0.0,0.0,0.0
2021-01-06,0.0,0.0,0.0
2021-01-07,0.0,0.0,0.0
2021-01-08,0.0,0.0,0.0
2021-01-11,0.0,0.0,0.0
2021-01-12,0.0,0.0,0.0
2021-01-13,0.0,0.0,0.0
2021-01-14,0.0,0.0,0.0
2021-01-15,0.0,0.0,0.0
2021-01-18,0.0,0.0,0.0
2021-01-19,0.0,0.0,0.0
2021-01-20,0.0,0.0,0.0
2021-01-21,0.0,0.0,0.0
2021-01-22,0.0,0.0,0.0
2021-01-25,0.0,0.0,0.0
2021-01-27,0.0,0.0,0.0
2021-01-28,0.0,0.0,0.0
2021-01-29,0.6499998072136539,0.3499999984069091,1.9437933632727283e-07
2021-02-01,0.0,0.0,0.0
2021-02-02,0.0,0.0,0.0
2021-02-03,0.0,0.0,0.0
2021-02-04,0.0,0.0,0.0
2021-02-05,0.0,0.0,0.0
2021-02-08,0.0,0.0,0.0
2021-02-09,0.0,0.0,0.0
2021-02-10,0.0,0.0,0.0
2021-02-11,0.0,0.0,0.0
2021-02-12,0.0,0.0,0.0
2021-02-15,0.0,0.0,0.0
2021-02-16,0.0,0.0,0.0
2021-02-17,0.0,0.0,0.0
2021-02-18,0.0,0.0,0.0
2021-02-19,0.0,0.0,0.0
2021-02-22,0.0,0.0,0.0
2021-02-23,0.0,0.0,0.0
2021-02-24,0.0,0.0,0.0
2021-02-25,0.0,0.0,0.0
2021-02-26,0.0,0.0,0.0
2021-03-01,0.7999999821328783,0.20000001526703398,2.6000979583542036e-09
2021-03-02,0.0,0.0,0.0
2021-03-03,0.0,0.0,0.0
2021-03-04,0.0,0.0,0.0
2021-03-05,0.0,0.0,0.0
2021-03-08,0.0,0.0,0.0
2021-03-09,0.0,0.0,0.0
2021-03-10,0.0,0.0,0.0
2021-03-12,0.0,0.0,0.0
2021-03-15,0.0,0.0,0.0
2021-03-16,0.0,0.0,0.0
2021-03-17,0.0,0.0,0.0
2021-03-18,0.0,0.0,0.0
2021-03-19,0.0,0.0,0.0
2021-03-22,0.0,0.0,0.0
2021-03-23,0.0,0.0,0.0
2021-03-24,0.0,0.0,0.0
2021-03-25,0.0,0.0,0.0
2021-03-26,0.0,0.0,0.0
2021-03-30,0.0,0.0,0.0
2021-03-31,0.0,0.0,0.0
2021-04-01,0.7999999833418784,0.19999454438474729,5.472273374169096e-06
2021-04-05,0.0,0.0,0.0
2021-04-06,0.0,0.0,0.0
2021-04-07,0.0,0.0,0.0
2021-04-08,0.0,0.0,0.0
2021-04-09,0.0,0.0,0.0
2021-04-12,0.0,0.0,0.0
2021-04-13,0.0,0.0,0.0
2021-04-15,0.0,0.0,0.0
2021-04-16,0.0,0.0,0.0
2021-04-19,0.0,0.0,0.0
2021-04-20,0.0,0.0,0.0
2021-04-22,0.0,0.0,0.0
2021-04-23,0.0,0.0,0.0
2021-04-26,0.0,0.0,0.0
2021-04-27,0.0,0.0,0.0
2021-04-28,0.0,0.0,0.0
2021-04-29,0.0,0.0,0.0
2021-04-30,0.0,0.0,0.0
2021-05-03,0.0,0.0,0.0
2021-05-04,0.0,0.0,0.0
2021-05-05,0.3999999994154296,6.816793792953368e-10,0.5999999999028931
2021-05-06,0.0,0.0,0.0
2021-05-07,0.0,0.0,0.0
2021-05-10,0.0,0.0,0.0
2021-05-11,0.0,0.0,0.0
2021-05-12,0.0,0.0,0.0
2021-05-14,0.0,0.0,0.0
2021-05-17,0.0,0.0,0.0
2021-05-18,0.0,0.0,0.0
2021-05-19,0.0,0.0,0.0
2021-05-20,0.0,0.0,0.0
2021-05-21,0.0,0.0,0.0
2021-05-24,0.0,0.0,0.0
2021-05-25,0.0,0.0,0.0
2021-05-26,0.0,0.0,0.0
2021-05-27,0.0,0.0,0.0
2021-05-28,0.0,0.0,0.0
2021-05-31,0.0,0.0,0.0
2021-06-01,0.0,0.0,0.0
2021-06-02,0.0,0.0,0.0
2021-06-03,0.0,0.0,0.0
2021-06-04,0.39999999075195386,0.21747602590705925,0.38252398334098686
2021-06-07,0.0,0.0,0.0
2021-06-08,0.0,0.0,0.0
2021-06-09,0.0,0.0,0.0
2021-06-10,0.0,0.0,0.0
2021-06-11,0.0,0.0,0.0
2021-06-14,0.0,0.0,0.0
2021-06-15,0.0,0.0,0.0
2021-06-16,0.0,0.0,0.0
2021-06-17,0.0,0.0,0.0
2021-06-18,0.0,0.0,0.0
2021-06-21,0.0,0.0,0.0
2021-06-22,0.0,0.0,0.0
2021-06-23,0.0,0.0,0.0
2021-06-24,0.0,0.0,0.0
2021-06-25,0.0,0.0,0.0
2021-06-28,0.0,0.0,0.0
2021-06-29,0.0,0.0,0.0
2021-06-30,0.0,0.0,0.0
2021-07-01,0.0,0.0,0.0
2021-07-02,0.0,0.0,0.0
2021-07-05,0.3999999991809686,3.996255254291259e-09,0.5999999968227783
2021-07-06,0.0,0.0,0.0
2021-07-07,0.0,0.0,0.0
2021-07-08,0.0,0.0,0.0
2021-07-09,0.0,0.0,0.0
2021-07-12,0.0,0.0,0.0
2021-07-13,0.0,0.0,0.0
2021-07-14,0.0,0.0,0.0
2021-07-15,0.0,0.0,0.0
2021-07-16,0.0,0.0,0.0
2021-07-19,0.0,0.0,0.0
2021-07-20,0.0,0.0,0.0
2021-07-22,0.0,0.0,0.0
2021-07-23,0.0,0.0,0.0
2021-07-26,0.0,0.0,0.0
2021-07-27,0.0,0.0,0.0
2021-07-28,0.0,0.0,0.0
2021-07-29,0.0,0.0,0.0
2021-07-30,0.0,0.0,0.0
2021-08-02,0.0,0.0,0.0
2021-08-03,0.0,0.0,0.0
2021-08-04,0.39999999989118323,1.682299042084425e-11,0.6000000000919941
2021-08-05,0.0,0.0,0.0
2021-08-06,0.0,0.0,0.0
2021-08-09,0.0,0.0,0.0
2021-08-10,0.0,0.0,0.0
2021-08-11,0.0,0.0,0.0
2021-08-12,0.0,0.0,0.0
2021-08-13,0.0,0.0,0.0
2021-08-16,0.0,0.0,0.0
2021-08-17,0.0,0.0,0.0
2021-08-18,0.0,0.0,0.0
2021-08-20,0.0,0.0,0.0
2021-08-23,0.0,0.0,0.0
2021-08-24,0.0,0.0,0.0
2021-08-25,0.0,0.0,0.0
2021-08-26,0.0,0.0,0.0
2021-08-27,0.0,0.0,0.0
2021-08-30,0.0,0.0,0.0
2021-08-31,0.0,0.0,0.0
2021-09-01,0.0,0.0,0.0
2021-09-02,0.0,0.0,0.0
2021-09-03,0.3999999999172305,9.27176121494409e-11,0.5999999999900523
2021-09-06,0.0,0.0,0.0
2021-09-07,0.0,0.0,0.0
2021-09-08,0.0,0.0,0.0
2021-09-09,0.0,0.0,0.0
2021-09-13,0.0,0.0,0.0
2021-09-14,0.0,0.0,0.0
2021-09-15,0.0,0.0,0.0
2021-09-16,0.0,0.0,0.0
2021-09-17,0.0,0.0,0.0
2021-09-20,0.0,0.0,0.0
2021-09-21,0.0,0.0,0.0
2021-09-22,0.0,0.0,0.0
2021-09-23,0.0,0.0,0.0
2021-09-24,0.0,0.0,0.0
2021-09-27,0.0,0.0,0.0
2021-09-28,0.0,0.0,0.0
2021-09-29,0.0,0.0,0.0
2021-09-30,0.0,0.0,0.0
2021-10-01,0.0,0.0,0.0
2021-10-04,0.0,0.0,0.0
2021-10-05,0.3999999998635965,6.357208150387835e-10,0.5999999995006828
2021-10-06,0.0,0.0,0.0
2021-10-07,0.0,0.0,0.0
2021-10-08,0.0,0.0,0.0
2021-10-11,0.0,0.0,0.0
2021-10-12,0.0,0.0,0.0
2021-10-13,0.0,0.0,0.0
2021-10-14,0.0,0.0,0.0
2021-10-18,0.0,0.0,0.0
2021-10-19,0.0,0.0,0.0
2021-10-20,0.0,0.0,0.0
2021-10-21,0.0,0.0,0.0
2021-10-22,0.0,0.0,0.0
2021-10-25,0.0,0.0,0.0
2021-10-26,0.0,0.0,0.0
2021-10-27,0.0,0.0,0.0
2021-10-28,0.0,0.0,0.0
2021-10-29,0.0,0.0,0.0
2021-11-01,0.0,0.0,0.0
2021-11-02,0.0,0.0,0.0
2021-11-03,0.0,0.0,0.0
2021-11-04,0.39999999978208584,2.1795391393045461e-10,0.5999999999999612
2021-11-08,0.0,0.0,0.0
2021-11-09,0.0,0.0,0.0
2021-11-10,0.0,0.0,0.0
2021-11-11,0.0,0.0,0.0
2021-11-12,0.0,0.0,0.0
2021-11-15,0.0,0.0,0.0
2021-11-16,0.0,0.0,0.0
2021-11-17,0.0,0.0,0.0
2021-11-18,0.0,0.0,0.0
2021-11-22,0.0,0.0,0.0
2021-11-23,0.0,0.0,0.0
2021-11-24,0.0,0.0,0.0
2021-11-25,0.0,0.0,0.0
2021-11-26,0.0,0.0,0.0
2021-11-29,0.0,0.0,0.0
2021-11-30,0.0,0.0,0.0
2021-12-01,0.0,0.0,0.0
2021-12-02,0.0,0.0,0.0
2021-12-03,0.0,0.0,0.0
2021-12-06,0.0,0.0,0.0
2021-12-07,0.028244168792266506,0.25000246190514264,0.7217533693025909
2021-12-08,0.0,0.0,0.0
2021-12-09,0.0,0.0,0.0
2021-12-10,0.0,0.0,0.0
2021-12-13,0.0,0.0,0.0
2021-12-14,0.0,0.0,0.0
2021-12-15,0.0,0.0,0.0
2021-12-16,0.0,0.0,0.0
2021-12-17,0.0,0.0,0.0
2021-12-20,0.0,0.0,0.0
2021-12-21,0.0,0.0,0.0
2021-12-22,0.0,0.0,0.0
2021-12-23,0.0,0.0,0.0
2021-12-24,0.0,0.0,0.0
2021-12-27,0.0,0.0,0.0
2021-12-28,0.0,0.0,0.0
2021-12-29,0.0,0.0,0.0
2021-12-30,0.0,0.0,0.0
2021-12-31,0.0,0.0,0.0
2022-01-03,0.0,0.0,0.0
2022-01-04,0.0,0.0,0.0
2022-01-05,0.022958845188936802,0.25000431273739115,0.7270368420736721
2022-01-06,0.0,0.0,0.0
2022-01-07,0.0,0.0,0.0
2022-01-10,0.0,0.0,0.0
2022-01-11,0.0,0.0,0.0
2022-01-12,0.0,0.0,0.0
2022-01-13,0.0,0.0,0.0
2022-01-14,0.0,0.0,0.0
2022-01-17,0.0,0.0,0.0
2022-01-18,0.0,0.0,0.0
2022-01-19,0.0,0.0,0.0
2022-01-20,0.0,0.0,0.0
2022-01-21,0.0,0.0,0.0
2022-01-24,0.0,0.0,0.0
2022-01-25,0.0,0.0,0.0
2022-01-27,0.0,0.0,0.0
2022-01-28,0.0,0.0,0.0
2022-01-31,0.0,0.0,0.0
2022-02-01,0.0,0.0,0.0
2022-02-02,0.0,0.0,0.0
2022-02-03,0.0,0.0,0.0
2022-02-04,0.3999999994536106,3.275030533417769e-10,0.6000000002188892
2022-02-07,0.0,0.0,0.0
2022-02-08,0.0,0.0,0.0
2022-02-09,0.0,0.0,0.0
2022-02-10,0.0,0.0,0.0
2022-02-11,0.0,0.0,0.0
2022-02-14,0.0,0.0,0.0
2022-02-15,0.0,0.0,0.0
2022-02-16,0.0,0.0,0.0
2022-02-17,0.0,0.0,0.0
2022-02-18,0.0,0.0,0.0
2022-02-21,0.0,0.0,0.0
2022-02-22,0.0,0.0,0.0
2022-02-23,0.0,0.0,0.0
2022-02-24,0.0,0.0,0.0
2022-02-25,0.0,0.0,0.0
2022-02-28,0.0,0.0,0.0
2022-03-02,0.0,0.0,0.0
2022-03-03,0.0,0.0,0.0
2022-03-04,0.0,0.0,0.0
2022-03-07,0.0,0.0,0.0
2022-03-08,0.0518232895541127,0.25003338818624554,0.6981433222596418
2022-03-09,0.0,0.0,0.0
2022-03-10,0.0,0.0,0.0
2022-03-11,0.0,0.0,0.0
2022-03-14,0.0,0.0,0.0
2022-03-15,0.0,0.0,0.0
2022-03-16,0.0,0.0,0.0
2022-03-17,0.0,0.0,0.0
2022-03-21,0.0,0.0,0.0
2022-03-22,0.0,0.0,0.0
2022-03-23,0.0,0.0,0.0
2022-03-24,0.0,0.0,0.0
2022-03-25,0.0,0.0,0.0
2022-03-28,0.0,0.0,0.0
2022-03-29,0.0,0.0,0.0
2022-03-30,0.0,0.0,0.0
2022-03-31,0.0,0.0,0.0
2022-04-01,0.0,0.0,0.0
2022-04-04,0.0,0.0,0.0
2022-04-05,0.0,0.0,0.0
2022-04-06,0.0,0.0,0.0
2022-04-07,0.06021550627169639,0.250022648578798,0.6897618451495057
2022-04-08,0.0,0.0,0.0
2022-04-11,0.0,0.0,0.0
2022-04-12,0.0,0.0,0.0
2022-04-13,0.0,0.0,0.0
2022-04-18,0.0,0.0,0.0
2022-04-19,0.0,0.0,0.0
2022-04-20,0.0,0.0,0.0
2022-04-21,0.0,0.0,0.0
2022-04-22,0.0,0.0,0.0
2022-04-25,0.0,0.0,0.0
2022-04-26,0.0,0.0,0.0
2022-04-27,0.0,0.0,0.0
2022-04-28,0.0,0.0,0.0
2022-04-29,0.0,0.0,0.0
2022-05-02,0.0,0.0,0.0
2022-05-04,0.0,0.0,0.0
2022-05-05,0.0,0.0,0.0
2022-05-06,0.0,0.0,0.0
2022-05-09,0.0,0.0,0.0
2022-05-10,0.0,0.0,0.0
2022-05-11,0.05946693866272678,0.25002364880156447,0.6905094125357087
2022-05-12,0.0,0.0,0.0
2022-05-13,0.0,0.0,0.0
2022-05-16,0.0,0.0,0.0
2022-05-17,0.0,0.0,0.0
2022-05-18,0.0,0.0,0.0
2022-05-19,0.0,0.0,0.0
2022-05-20,0.0,0.0,0.0
2022-05-23,0.0,0.0,0.0
2022-05-24,0.0,0.0,0.0
2022-05-25,0.0,0.0,0.0
2022-05-26,0.0,0.0,0.0
2022-05-27,0.0,0.0,0.0
2022-05-30,0.0,0.0,0.0
2022-05-31,0.0,0.0,0.0
2022-06-01,0.0,0.0,0.0
2022-06-02,0.0,0.0,0.0
2022-06-03,0.0,0.0,0.0
2022-06-06,0.0,0.0,0.0
2022-06-07,0.0,0.0,0.0
2022-06-08,0.0,0.0,0.0
2022-06-09,0.05543208196251432,0.25002630940543025,0.6945416086320554
2022-06-10,0.0,0.0,0.0
2022-06-13,0.0,0.0,0.0
2022-06-14,0.0,0.0,0.0
2022-06-15,0.0,0.0,0.0
2022-06-16,0.0,0.0,0.0
2022-06-17,0.0,0.0,0.0
2022-06-20,0.0,0.0,0.0
2022-06-21,0.0,0.0,0.0
2022-06-22,0.0,0.0,0.0
2022-06-23,0.0,0.0,0.0
2022-06-24,0.0,0.0,0.0
2022-06-27,0.0,0.0,0.0
2022-06-28,0.0,0.0,0.0
2022-06-29,0.0,0.0,0.0
2022-06-30,0.0,0.0,0.0
2022-07-01,0.0,0.0,0.0
2022-07-04,0.0,0.0,0.0
2022-07-05,0.0,0.0,0.0
2022-07-06,0.0,0.0,0.0
2022-07-07,0.0,0.0,0.0
2022-07-08,0.24824454080114244,0.7517007915989512,5.466759990641661e-05
2022-07-11,0.0,0.0,0.0
2022-07-12,0.0,0.0,0.0
2022-07-13,0.0,0.0,0.0
2022-07-14,0.0,0.0,0.0
2022-07-15,0.0,0.0,0.0
2022-07-18,0.0,0.0,0.0
2022-07-19,0.0,0.0,0.0
2022-07-20,0.0,0.0,0.0
2022-07-21,0.0,0.0,0.0
2022-07-22,0.0,0.0,0.0
2022-07-25,0.0,0.0,0.0
2022-07-26,0.0,0.0,0.0
2022-07-27,0.0,0.0,0.0
2022-07-28,0.0,0.0,0.0
2022-07-29,0.0,0.0,0.0
2022-08-01,0.0,0.0,0.0
2022-08-02,0.0,0.0,0.0
2022-08-03,0.0,0.0,0.0
2022-08-04,0.0,0.0,0.0
2022-08-05,0.0,0.0,0.0
2022-08-08,0.6500000045116191,0.3499999957642957,0.0
2022-08-10,0.0,0.0,0.0
2022-08-11,0.0,0.0,0.0
2022-08-12,0.0,0.0,0.0
2022-08-16,0.0,0.0,0.0
2022-08-17,0.0,0.0,0.0
2022-08-18,0.0,0.0,0.0
2022-08-19,0.0,0.0,0.0
2022-08-22,0.0,0.0,0.0
2022-08-23,0.0,0.0,0.0
2022-08-24,0.0,0.0,0.0
2022-08-25,0.0,0.0,0.0
2022-08-26,0.0,0.0,0.0
2022-08-29,0.0,0.0,0.0
2022-08-30,0.0,0.0,0.0
2022-09-01,0.0,0.0,0.0
2022-09-02,0.0,0.0,0.0
2022-09-05,0.0,0.0,0.0
2022-09-06,0.0,0.0,0.0
2022-09-07,0.0,0.0,0.0
2022-09-08,0.0,0.0,0.0
2022-09-09,0.45000002558399554,0.3500000002207308,0.19999997419527737
2022-09-12,0.0,0.0,0.0
2022-09-13,0.0,0.0,0.0
2022-09-14,0.0,0.0,0.0
2022-09-15,0.0,0.0,0.0
2022-09-16,0.0,0.0,0.0
2022-09-19,0.0,0.0,0.0
2022-09-20,0.0,0.0,0.0
2022-09-21,0.0,0.0,0.0
2022-09-22,0.0,0.0,0.0
2022-09-23,0.0,0.0,0.0
2022-09-26,0.0,0.0,0.0
2022-09-27,0.0,0.0,0.0
2022-09-28,0.0,0.0,0.0
2022-09-29,0.0,0.0,0.0
2022-09-30,0.0,0.0,0.0
2022-10-03,0.0,0.0,0.0
2022-10-04,0.0,0.0,0.0
2022-10-06,0.0,0.0,0.0
2022-10-07,0.0,0.0,0.0
2022-10-10,0.0,0.0,0.0
2022-10-11,0.44999999995696965,0.3499999999757697,0.20000000006725968
2022-10-12,0.0,0.0,0.0
2022-10-13,0.0,0.0,0.0
2022-10-14,0.0,0.0,0.0
2022-10-17,0.0,0.0,0.0
2022-10-18,0.0,0.0,0.0
2022-10-19,0.0,0.0,0.0
2022-10-20,0.0,0.0,0.0
2022-10-21,0.0,0.0,0.0
2022-10-24,0.0,0.0,0.0
2022-10-25,0.0,0.0,0.0
2022-10-27,0.0,0.0,0.0
2022-10-28,0.0,0.0,0.0
2022-10-31,0.0,0.0,0.0
2022-11-01,0.0,0.0,0.0
2022-11-02,0.0,0.0,0.0
2022-11-03,0.0,0.0,0.0
2022-11-04,0.0,0.0,0.0
2022-11-07,0.0,0.0,0.0
2022-11-09,0.0,0.0,0.0
2022-11-10,0.0,0.0,0.0
2022-11-11,0.45000000085280145,0.35000000011104443,0.1999999990361547
2022-11-14,0.0,0.0,0.0
2022-11-15,0.0,0.0,0.0
2022-11-16,0.0,0.0,0.0
2022-11-17,0.0,0.0,0.0
2022-11-18,0.0,0.0,0.0
2022-11-21,0.0,0.0,0.0
2022-11-22,0.0,0.0,0.0
2022-11-23,0.0,0.0,0.0
2022-11-24,0.0,0.0,0.0
2022-11-25,0.0,0.0,0.0
2022-11-28,0.0,0.0,0.0
2022-11-29,0.0,0.0,0.0
2022-11-30,0.0,0.0,0.0
2022-12-01,0.0,0.0,0.0
2022-12-02,0.0,0.0,0.0
2022-12-05,0.0,0.0,0.0
2022-12-06,0.0,0.0,0.0
2022-12-07,0.0,0.0,0.0
2022-12-08,0.0,0.0,0.0
2022-12-09,0.0,0.0,0.0
2022-12-12,0.6499999988496569,0.35000000020531247,9.45043022970482e-10
2022-12-13,0.0,0.0,0.0
2022-12-14,0.0,0.0,0.0
2022-12-15,0.0,0.0,0.0
2022-12-16,0.0,0.0,0.0
2022-12-19,0.0,0.0,0.0
2022-12-20,0.0,0.0,0.0
2022-12-21,0.0,0.0,0.0
2022-12-22,0.0,0.0,0.0
2022-12-23,0.0,0.0,0.0
2022-12-26,0.0,0.0,0.0
2022-12-27,0.0,0.0,0.0
2022-12-28,0.0,0.0,0.0
2022-12-29,0.0,0.0,0.0
2022-12-30,0.0,0.0,0.0
2023-01-02,0.0,0.0,0.0
2023-01-03,0.0,0.0,0.0
2023-01-04,0.0,0.0,0.0
2023-01-05,0.0,0.0,0.0
2023-01-06,0.0,0.0,0.0
2023-01-09,0.0,0.0,0.0
2023-01-10,0.4500000083754631,0.3500000034614311,0.1999999881631116
2023-01-11,0.0,0.0,0.0
2023-01-12,0.0,0.0,0.0
2023-01-13,0.0,0.0,0.0
2023-01-16,0.0,0.0,0.0
2023-01-17,0.0,0.0,0.0
2023-01-18,0.0,0.0,0.0
2023-01-19,0.0,0.0,0.0
2023-01-20,0.0,0.0,0.0
2023-01-23,0.0,0.0,0.0
2023-01-24,0.0,0.0,0.0
2023-01-25,0.0,0.0,0.0
2023-01-27,0.0,0.0,0.0
2023-01-30,0.0,0.0,0.0
2023-01-31,0.0,0.0,0.0
2023-02-01,0.0,0.0,0.0
2023-02-02,0.0,0.0,0.0
2023-02-03,0.0,0.0,0.0
2023-02-06,0.0,0.0,0.0
2023-02-07,0.0,0.0,0.0
2023-02-08,0.0,0.0,0.0
2023-02-09,0.022998424462850556,0.2500036466733566,0.7269979288637929
2023-02-10,0.0,0.0,0.0
2023-02-13,0.0,0.0,0.0
2023-02-14,0.0,0.0,0.0
2023-02-15,0.0,0.0,0.0
2023-02-16,0.0,0.0,0.0
2023-02-17,0.0,0.0,0.0
2023-02-20,0.0,0.0,0.0
2023-02-21,0.0,0.0,0.0
2023-02-22,0.0,0.0,0.0
2023-02-23,0.0,0.0,0.0
2023-02-24,0.0,0.0,0.0
2023-02-27,0.0,0.0,0.0
2023-02-28,0.0,0.0,0.0
2023-03-01,0.0,0.0,0.0
2023-03-02,0.0,0.0,0.0
2023-03-03,0.0,0.0,0.0
2023-03-06,0.0,0.0,0.0
2023-03-08,0.0,0.0,0.0
2023-03-09,0.0,0.0,0.0
2023-03-10,0.0,0.0,0.0
2023-03-13,0.38575716921342057,0.4463652236258622,0.16787760716071715
2023-03-14,0.0,0.0,0.0
2023-03-15,0.0,0.0,0.0
2023-03-16,0.0,0.0,0.0
2023-03-17,0.0,0.0,0.0
2023-03-20,0.0,0.0,0.0
2023-03-21,0.0,0.0,0.0
2023-03-22,0.0,0.0,0.0
2023-03-23,0.0,0.0,0.0
2023-03-24,0.0,0.0,0.0
2023-03-27,0.0,0.0,0.0
2023-03-28,0.0,0.0,0.0
2023-03-29,0.0,0.0,0.0
2023-03-31,0.0,0.0,0.0
2023-04-03,0.0,0.0,0.0
2023-04-05,0.0,0.0,0.0
2023-04-06,0.0,0.0,0.0
2023-04-10,0.0,0.0,0.0
2023-04-11,0.0,0.0,0.0
2023-04-12,0.0,0.0,0.0
2023-04-13,0.0,0.0,0.0
2023-04-17,0.000558509779388735,0.2500098110520042,0.7494316791686072
2023-04-18,0.0,0.0,0.0
2023-04-19,0.0,0.0,0.0
2023-04-20,0.0,0.0,0.0
2023-04-21,0.0,0.0,0.0
2023-04-24,0.0,0.0,0.0
2023-04-25,0.0,0.0,0.0
2023-04-26,0.0,0.0,0.0
2023-04-27,0.0,0.0,0.0
2023-04-28,0.0,0.0,0.0
2023-05-02,0.0,0.0,0.0
2023-05-03,0.0,0.0,0.0
2023-05-04,0.0,0.0,0.0
2023-05-05,0.0,0.0,0.0
2023-05-08,0.0,0.0,0.0
2023-05-09,0.0,0.0,0.0
2023-05-10,0.0,0.0,0.0
2023-05-11,0.0,0.0,0.0
2023-05-12,0.0,0.0,0.0
2023-05-15,0.0,0.0,0.0
2023-05-16,0.0,0.0,0.0
2023-05-17,0.2000000412847596,0.799999956783242,1.9320075438391243e-09
2023-05-18,0.0,0.0,0.0
2023-05-19,0.0,0.0,0.0
2023-05-22,0.0,0.0,0.0
2023-05-23,0.0,0.0,0.0
2023-05-24,0.0,0.0,0.0
2023-05-25,0.0,0.0,0.0
2023-05-26,0.0,0.0,0.0
2023-05-29,0.0,0.0,0.0
2023-05-30,0.0,0.0,0.0
2023-05-31,0.0,0.0,0.0
2023-06-01,0.0,0.0,0.0
2023-06-02,0.0,0.0,0.0
2023-06-05,0.0,0.0,0.0
2023-06-06,0.0,0.0,0.0
2023-06-07,0.0,0.0,0.0
2023-06-08,0.0,0.0,0.0
2023-06-09,0.0,0.0,0.0
2023-06-12,0.0,0.0,0.0
2023-06-13,0.0,0.0,0.0
2023-06-14,0.0,0.0,0.0
2023-06-15,0.3976011618766489,0.6023975952760526,1.2428472984371446e-06
2023-06-16,0.0,0.0,0.0
2023-06-19,0.0,0.0,0.0
2023-06-20,0.0,0.0,0.0
2023-06-21,0.0,0.0,0.0
2023-06-22,0.0,0.0,0.0
2023-06-23,0.0,0.0,0.0
2023-06-26,0.0,0.0,0.0
2023-06-27,0.0,0.0,0.0
2023-06-28,0.0,0.0,0.0
2023-06-30,0.0,0.0,0.0
2023-07-03,0.0,0.0,0.0
2023-07-04,0.0,0.0,0.0
2023-07-05,0.0,0.0,0.0
2023-07-06,0.0,0.0,0.0
2023-07-07,0.0,0.0,0.0
2023-07-10,0.0,0.0,0.0
2023-07-11,0.0,0.0,0.0
2023-07-12,0.0,0.0,0.0
2023-07-13,0.0,0.0,0.0
2023-07-14,0.0,0.0,0.0
2023-07-17,0.7999999443381132,0.20000005301654827,2.645318075891392e-09
2023-07-18,0.0,0.0,0.0
2023-07-19,0.0,0.0,0.0
2023-07-20,0.0,0.0,0.0
2023-07-21,0.0,0.0,0.0
2023-07-24,0.0,0.0,0.0
2023-07-25,0.0,0.0,0.0
2023-07-26,0.0,0.0,0.0
2023-07-27,0.0,0.0,0.0
2023-07-28,0.0,0.0,0.0
2023-07-31,0.0,0.0,0.0
2023-08-01,0.0,0.0,0.0
2023-08-02,0.0,0.0,0.0
2023-08-03,0.0,0.0,0.0
2023-08-04,0.0,0.0,0.0
2023-08-07,0.0,0.0,0.0
2023-08-08,0.0,0.0,0.0
2023-08-09,0.0,0.0,0.0
2023-08-10,0.0,0.0,0.0
2023-08-11,0.0,0.0,0.0
2023-08-14,0.0,0.0,0.0
2023-08-16,0.3519174981848685,0.6480817669968774,7.348182541133405e-07
2023-08-17,0.0,0.0,0.0
2023-08-18,0.0,0.0,0.0
2023-08-21,0.0,0.0,0.0
2023-08-22,0.0,0.0,0.0
2023-08-23,0.0,0.0,0.0
2023-08-24,0.0,0.0,0.0
2023-08-25,0.0,0.0,0.0
2023-08-28,0.0,0.0,0.0
2023-08-29,0.0,0.0,0.0
2023-08-30,0.0,0.0,0.0
2023-08-31,0.0,0.0,0.0
2023-09-01,0.0,0.0,0.0
2023-09-04,0.0,0.0,0.0
2023-09-05,0.0,0.0,0.0
2023-09-06,0.0,0.0,0.0
2023-09-07,0.0,0.0,0.0
2023-09-08,0.0,0.0,0.0
2023-09-11,0.0,0.0,0.0
2023-09-12,0.0,0.0,0.0
2023-09-13,0.0,0.0,0.0
2023-09-14,0.3333484724056317,0.666651430880129,9.671423935764775e-08
2023-09-15,0.0,0.0,0.0
2023-09-18,0.0,0.0,0.0
2023-09-20,0.0,0.0,0.0
2023-09-21,0.0,0.0,0.0
2023-09-22,0.0,0.0,0.0
2023-09-25,0.0,0.0,0.0
2023-09-26,0.0,0.0,0.0
2023-09-27,0.0,0.0,0.0
2023-09-28,0.0,0.0,0.0
2023-09-29,0.0,0.0,0.0
2023-10-03,0.0,0.0,0.0
2023-10-04,0.0,0.0,0.0
2023-10-05,0.0,0.0,0.0
2023-10-06,0.0,0.0,0.0
2023-10-09,0.0,0.0,0.0
2023-10-10,0.0,0.0,0.0
2023-10-11,0.0,0.0,0.0
2023-10-12,0.0,0.0,0.0
2023-10-13,0.0,0.0,0.0
2023-10-16,0.0,0.0,0.0
2023-10-17,0.011055941023438386,0.2500236113785275,0.7389204475980341
2023-10-18,0.0,0.0,0.0
2023-10-19,0.0,0.0,0.0
2023-10-20,0.0,0.0,0.0
2023-10-23,0.0,0.0,0.0
2023-10-25,0.0,0.0,0.0
2023-10-26,0.0,0.0,0.0
2023-10-27,0.0,0.0,0.0
2023-10-30,0.0,0.0,0.0
2023-10-31,0.0,0.0,0.0
2023-11-01,0.0,0.0,0.0
2023-11-02,0.0,0.0,0.0
2023-11-03,0.0,0.0,0.0
2023-11-06,0.0,0.0,0.0
2023-11-07,0.0,0.0,0.0
2023-11-08,0.0,0.0,0.0
2023-11-09,0.0,0.0,0.0
2023-11-10,0.0,0.0,0.0
2023-11-13,0.0,0.0,0.0
2023-11-15,0.0,0.0,0.0
2023-11-16,0.0,0.0,0.0
2023-11-17,0.021412331157025104,0.25001381407902096,0.728573854763954
2023-11-20,0.0,0.0,0.0
2023-11-21,0.0,0.0,0.0
2023-11-22,0.0,0.0,0.0
2023-11-23,0.0,0.0,0.0
2023-11-24,0.0,0.0,0.0
2023-11-28,0.0,0.0,0.0
2023-11-29,0.0,0.0,0.0
2023-11-30,0.0,0.0,0.0
2023-12-01,0.0,0.0,0.0
2023-12-04,0.0,0.0,0.0
2023-12-05,0.0,0.0,0.0
2023-12-06,0.0,0.0,0.0
2023-12-07,0.0,0.0,0.0
2023-12-08,0.0,0.0,0.0
2023-12-11,0.0,0.0,0.0
2023-12-12,0.0,0.0,0.0
2023-12-13,0.0,0.0,0.0
2023-12-14,0.0,0.0,0.0
2023-12-15,0.0,0.0,0.0
2023-12-18,0.0,0.0,0.0
2023-12-19,0.7999999615118634,0.200000037782665,7.054786865267966e-10
2023-12-20,0.0,0.0,0.0
2023-12-21,0.0,0.0,0.0
2023-12-22,0.0,0.0,0.0
2023-12-26,0.0,0.0,0.0
2023-12-27,0.0,0.0,0.0
2023-12-28,0.0,0.0,0.0
2023-12-29,0.0,0.0,0.0
2024-01-01,0.0,0.0,0.0
2024-01-02,0.0,0.0,0.0
2024-01-03,0.0,0.0,0.0
2024-01-04,0.0,0.0,0.0
2024-01-05,0.0,0.0,0.0
2024-01-08,0.0,0.0,0.0
2024-01-09,0.0,0.0,0.0
2024-01-10,0.0,0.0,0.0
2024-01-11,0.0,0.0,0.0
2024-01-12,0.0,0.0,0.0
2024-01-15,0.0,0.0,0.0
2024-01-16,0.0,0.0,0.0
2024-01-17,0.0,0.0,0.0
2024-01-18,0.7999999991183913,0.20000000072058527,1.6102549449149183e-10
2024-01-19,0.0,0.0,0.0
2024-01-23,0.0,0.0,0.0
2024-01-24,0.0,0.0,0.0
2024-01-25,0.0,0.0,0.0
2024-01-29,0.0,0.0,0.0
2024-01-30,0.0,0.0,0.0
2024-01-31,0.0,0.0,0.0
2024-02-01,0.0,0.0,0.0
2024-02-02,0.0,0.0,0.0
2024-02-05,0.0,0.0,0.0
2024-02-06,0.0,0.0,0.0
2024-02-07,0.0,0.0,0.0
2024-02-08,0.0,0.0,0.0
2024-02-09,0.0,0.0,0.0
2024-02-12,0.0,0.0,0.0
2024-02-13,0.0,0.0,0.0
2024-02-14,0.0,0.0,0.0
2024-02-15,0.0,0.0,0.0
2024-02-16,0.0,0.0,0.0
2024-02-19,0.0,0.0,0.0
2024-02-20,0.7999999986116818,0.19999992502776306,7.636056330432752e-08
2024-02-21,0.0,0.0,0.0
2024-02-22,0.0,0.0,0.0
2024-02-23,0.0,0.0,0.0
2024-02-26,0.0,0.0,0.0
2024-02-27,0.0,0.0,0.0
2024-02-28,0.0,0.0,0.0
2024-02-29,0.0,0.0,0.0
2024-03-01,0.0,0.0,0.0
2024-03-04,0.0,0.0,0.0
2024-03-05,0.0,0.0,0.0
2024-03-06,0.0,0.0,0.0
2024-03-07,0.0,0.0,0.0
2024-03-11,0.0,0.0,0.0
2024-03-12,0.0,0.0,0.0
2024-03-13,0.0,0.0,0.0
2024-03-14,0.0,0.0,0.0
2024-03-15,0.0,0.0,0.0
2024-03-18,0.0,0.0,0.0
2024-03-19,0.0,0.0,0.0
2024-03-20,0.0,0.0,0.0
2024-03-21,0.7999999986310345,0.20000000125880454,1.10155775238633e-10
2024-03-22,0.0,0.0,0.0
2024-03-26,0.0,0.0,0.0
2024-03-27,0.0,0.0,0.0
2024-03-28,0.0,0.0,0.0
2024-04-01,0.0,0.0,0.0
2024-04-02,0.0,0.0,0.0
2024-04-03,0.0,0.0,0.0
2024-04-04,0.0,0.0,0.0
2024-04-05,0.0,0.0,0.0
2024-04-08,0.0,0.0,0.0
2024-04-09,0.0,0.0,0.0
2024-04-10,0.0,0.0,0.0
2024-04-12,0.0,0.0,0.0
2024-04-15,0.0,0.0,0.0
2024-04-16,0.0,0.0,0.0
2024-04-18,0.0,0.0,0.0
2024-04-19,0.0,0.0,0.0
2024-04-22,0.0,0.0,0.0
2024-04-23,0.0,0.0,0.0
2024-04-24,0.0,0.0,0.0
2024-04-25,0.399999995378502,0.6000000043344826,2.8701551924326504e-10
2024-04-26,0.0,0.0,0.0
2024-04-29,0.0,0.0,0.0
2024-04-30,0.0,0.0,0.0
2024-05-02,0.0,0.0,0.0
2024-05-03,0.0,0.0,0.0
2024-05-06,0.0,0.0,0.0
2024-05-07,0.0,0.0,0.0
2024-05-08,0.0,0.0,0.0
2024-05-09,0.0,0.0,0.0
2024-05-10,0.0,0.0,0.0
2024-05-13,0.0,0.0,0.0
2024-05-14,0.0,0.0,0.0
2024-05-15,0.0,0.0,0.0
2024-05-16,0.0,0.0,0.0
2024-05-17,0.0,0.0,0.0
2024-05-21,0.0,0.0,0.0
2024-05-22,0.0,0.0,0.0
2024-05-23,0.0,0.0,0.0
2024-05-24,0.0,0.0,0.0
2024-05-27,0.0,0.0,0.0
2024-05-28,0.003055150128203419,0.2500225934631786,0.7469222564086179
2024-05-29,0.0,0.0,0.0
2024-05-30,0.0,0.0,0.0
2024-05-31,0.0,0.0,0.0
2024-06-03,0.0,0.0,0.0
2024-06-04,0.0,0.0,0.0
2024-06-05,0.0,0.0,0.0
2024-06-06,0.0,0.0,0.0
2024-06-07,0.0,0.0,0.0
2024-06-10,0.0,0.0,0.0
2024-06-11,0.0,0.0,0.0
2024-06-12,0.0,0.0,0.0
2024-06-13,0.0,0.0,0.0
2024-06-14,0.0,0.0,0.0
2024-06-18,0.0,0.0,0.0
2024-06-19,0.0,0.0,0.0
2024-06-20,0.0,0.0,0.0
2024-06-21,0.0,0.0,0.0
2024-06-24,0.0,0.0,0.0
2024-06-25,0.0,0.0,0.0
2024-06-26,0.0,0.0,0.0
2024-06-27,0.003870355630660765,0.250019358736987,0.7461102856323523
2024-06-28,0.0,0.0,0.0
2024-07-01,0.0,0.0,0.0
2024-07-02,0.0,0.0,0.0
2024-07-03,0.0,0.0,0.0
2024-07-04,0.0,0.0,0.0
2024-07-05,0.0,0.0,0.0
2024-07-08,0.0,0.0,0.0
2024-07-09,0.0,0.0,0.0
2024-07-10,0.0,0.0,0.0
2024-07-11,0.0,0.0,0.0
2024-07-12,0.0,0.0,0.0
2024-07-15,0.0,0.0,0.0
2024-07-16,0.0,0.0,0.0
2024-07-18,0.0,0.0,0.0
2024-07-19,0.0,0.0,0.0
2024-07-22,0.0,0.0,0.0
2024-07-23,0.0,0.0,0.0
2024-07-24,0.0,0.0,0.0
2024-07-25,0.0,0.0,0.0
2024-07-26,0.0,0.0,0.0
2024-07-29,0.7999999879044023,0.2000000118237975,2.7179221317927393e-10
2024-07-30,0.0,0.0,0.0
2024-07-31,0.0,0.0,0.0
2024-08-01,0.0,0.0,0.0
2024-08-02,0.0,0.0,0.0
2024-08-05,0.0,0.0,0.0
2024-08-06,0.0,0.0,0.0
2024-08-07,0.0,0.0,0.0
2024-08-08,0.0,0.0,0.0
2024-08-09,0.0,0.0,0.0
2024-08-12,0.0,0.0,0.0
2024-08-13,0.0,0.0,0.0
2024-08-14,0.0,0.0,0.0
2024-08-16,0.0,0.0,0.0
2024-08-19,0.0,0.0,0.0
2024-08-20,0.0,0.0,0.0
2024-08-21,0.0,0.0,0.0
2024-08-22,0.0,0.0,0.0
2024-08-23,0.0,0.0,0.0
2024-08-26,0.0,0.0,0.0
2024-08-27,0.0,0.0,0.0
2024-08-28,0.7999999386843402,0.2000000595685053,1.7471247322104386e-09
2024-08-29,0.0,0.0,0.0
2024-08-30,0.0,0.0,0.0
2024-09-02,0.0,0.0,0.0
2024-09-03,0.0,0.0,0.0
2024-09-04,0.0,0.0,0.0
2024-09-05,0.0,0.0,0.0
2024-09-06,0.0,0.0,0.0
2024-09-09,0.0,0.0,0.0
2024-09-10,0.0,0.0,0.0
2024-09-11,0.0,0.0,0.0
2024-09-12,0.0,0.0,0.0
2024-09-13,0.0,0.0,0.0
2024-09-16,0.0,0.0,0.0
2024-09-17,0.0,0.0,0.0
2024-09-18,0.0,0.0,0.0
2024-09-19,0.0,0.0,0.0
2024-09-20,0.0,0.0,0.0
2024-09-23,0.0,0.0,0.0
2024-09-24,0.0,0.0,0.0
2024-09-25,0.0,0.0,0.0
2024-09-26,0.7993922724906987,0.20060756062082477,1.6688847672221233e-07
2024-09-27,0.0,0.0,0.0
2024-09-30,0.0,0.0,0.0
2024-10-01,0.0,0.0,0.0
2024-10-03,0.0,0.0,0.0
2024-10-04,0.0,0.0,0.0
2024-10-07,0.0,0.0,0.0
2024-10-08,0.0,0.0,0.0
2024-10-09,0.0,0.0,0.0
2024-10-10,0.0,0.0,0.0
2024-10-11,0.0,0.0,0.0
2024-10-14,0.0,0.0,0.0
2024-10-15,0.0,0.0,0.0
2024-10-16,0.0,0.0,0.0
2024-10-17,0.0,0.0,0.0
2024-10-18,0.0,0.0,0.0
2024-10-21,0.0,0.0,0.0
2024-10-22,0.0,0.0,0.0
2024-10-23,0.0,0.0,0.0
2024-10-24,0.0,0.0,0.0
2024-10-25,0.0,0.0,0.0
2024-10-28,0.20000008972111036,0.7999999083846934,1.8941975682888905e-09
2024-10-29,0.0,0.0,0.0
2024-10-30,0.0,0.0,0.0
2024-10-31,0.0,0.0,0.0
2024-11-01,0.0,0.0,0.0
2024-11-04,0.0,0.0,0.0
2024-11-05,0.0,0.0,0.0
2024-11-06,0.0,0.0,0.0
2024-11-07,0.0,0.0,0.0
2024-11-08,0.0,0.0,0.0
2024-11-11,0.0,0.0,0.0
2024-11-12,0.0,0.0,0.0
2024-11-13,0.0,0.0,0.0
2024-11-14,0.0,0.0,0.0
2024-11-18,0.0,0.0,0.0
2024-11-19,0.0,0.0,0.0
2024-11-21,0.0,0.0,0.0
2024-11-22,0.0,0.0,0.0
2024-11-25,0.0,0.0,0.0
2024-11-26,0.0,0.0,0.0
2024-11-27,0.0,0.0,0.0
2024-11-28,0.33450872891239547,0.6654912267004585,4.438714625234844e-08
2024-11-29,0.0,0.0,0.0
2024-12-02,0.0,0.0,0.0
2024-12-03,0.0,0.0,0.0
2024-12-04,0.0,0.0,0.0
2024-12-05,0.0,0.0,0.0
2024-12-06,0.0,0.0,0.0
2024-12-09,0.0,0.0,0.0
2024-12-10,0.0,0.0,0.0
2024-12-11,0.0,0.0,0.0
2024-12-12,0.0,0.0,0.0
2024-12-13,0.0,0.0,0.0
2024-12-16,0.0,0.0,0.0
2024-12-17,0.0,0.0,0.0
2024-12-18,0.0,0.0,0.0
2024-12-19,0.0,0.0,0.0
2024-12-20,0.0,0.0,0.0
2024-12-23,0.0,0.0,0.0
2024-12-24,0.0,0.0,0.0
2024-12-26,0.0,0.0,0.0
2024-12-27,0.0,0.0,0.0
2024-12-30,0.19999999980212277,0.7999999999736319,2.2424652869934958e-10
2024-12-31,0.0,0.0,0.0
2025-01-01,0.0,0.0,0.0
2025-01-02,0.0,0.0,0.0
2025-01-03,0.0,0.0,0.0
2025-01-06,0.0,0.0,0.0
2025-01-07,0.0,0.0,0.0
2025-01-08,0.0,0.0,0.0
2025-01-09,0.0,0.0,0.0
2025-01-10,0.0,0.0,0.0
2025-01-13,0.0,0.0,0.0
2025-01-14,0.0,0.0,0.0
2025-01-15,0.0,0.0,0.0
2025-01-16,0.0,0.0,0.0
2025-01-17,0.0,0.0,0.0
2025-01-20,0.0,0.0,0.0
2025-01-21,0.0,0.0,0.0
2025-01-22,0.0,0.0,0.0
2025-01-23,0.0,0.0,0.0
2025-01-24,0.0,0.0,0.0
2025-01-27,0.0,0.0,0.0
2025-01-28,0.199998566436979,0.7999999836026167,1.4499604043760312e-06
2025-01-29,0.0,0.0,0.0
2025-01-30,0.0,0.0,0.0
2025-01-31,0.0,0.0,0.0
2025-02-01,0.0,0.0,0.0
2025-02-03,0.0,0.0,0.0
2025-02-04,0.0,0.0,0.0
2025-02-05,0.0,0.0,0.0
2025-02-06,0.0,0.0,0.0
2025-02-07,0.0,0.0,0.0
2025-02-10,0.0,0.0,0.0
2025-02-11,0.0,0.0,0.0
2025-02-12,0.0,0.0,0.0
2025-02-13,0.0,0.0,0.0
2025-02-14,0.0,0.0,0.0
2025-02-17,0.0,0.0,0.0
2025-02-18,0.0,0.0,0.0
2025-02-19,0.0,0.0,0.0
2025-02-20,0.0,0.0,0.0
2025-02-21,0.0,0.0,0.0
2025-02-24,0.0,0.0,0.0
2025-02-25,3.2671042708465126e-07,0.799999997884996,0.19999967540456232
2025-02-27,0.0,0.0,0.0
2025-02-28,0.0,0.0,0.0
2025-03-03,0.0,0.0,0.0
2025-03-04,0.0,0.0,0.0
2025-03-05,0.0,0.0,0.0
2025-03-06,0.0,0.0,0.0
2025-03-07,0.0,0.0,0.0
2025-03-10,0.0,0.0,0.0
2025-03-11,0.0,0.0,0.0
2025-03-12,0.0,0.0,0.0
2025-03-13,0.0,0.0,0.0
2025-03-17,0.0,0.0,0.0
2025-03-18,0.0,0.0,0.0
2025-03-19,0.0,0.0,0.0
2025-03-20,0.0,0.0,0.0
2025-03-21,0.0,0.0,0.0
2025-03-24,0.0,0.0,0.0
2025-03-25,0.0,0.0,0.0
2025-03-26,0.0,0.0,0.0
2025-03-27,0.0,0.0,0.0
2025-03-28,0.19999094519707003,0.7999999456773034,9.109125626526955e-06
2025-04-01,0.0,0.0,0.0
2025-04-02,0.0,0.0,0.0
2025-04-03,0.0,0.0,0.0
2025-04-04,0.0,0.0,0.0
2025-04-07,0.0,0.0,0.0
2025-04-08,0.0,0.0,0.0
2025-04-09,0.0,0.0,0.0
2025-04-11,0.0,0.0,0.0
2025-04-15,0.0,0.0,0.0
2025-04-16,0.0,0.0,0.0
2025-04-17,0.0,0.0,0.0
2025-04-21,0.0,0.0,0.0
2025-04-22,0.0,0.0,0.0
2025-04-23,0.0,0.0,0.0
2025-04-24,0.0,0.0,0.0
2025-04-25,0.0,0.0,0.0
2025-04-28,0.0,0.0,0.0
2025-04-29,0.0,0.0,0.0
2025-04-30,0.0,0.0,0.0
2025-05-02,0.0,0.0,0.0
2025-05-05,0.002837918485522299,0.2500135874462329,0.7471484940682448
2025-05-06,0.0,0.0,0.0
2025-05-07,0.0,0.0,0.0
2025-05-08,0.0,0.0,0.0
2025-05-09,0.0,0.0,0.0
2025-05-12,0.0,0.0,0.0
2025-05-13,0.0,0.0,0.0
2025-05-14,0.0,0.0,0.0
2025-05-15,0.0,0.0,0.0
2025-05-16,0.0,0.0,0.0
2025-05-19,0.0,0.0,0.0
2025-05-20,0.0,0.0,0.0
2025-05-21,0.0,0.0,0.0
2025-05-22,0.0,0.0,0.0
2025-05-23,0.0,0.0,0.0
2025-05-26,0.0,0.0,0.0
2025-05-27,0.0,0.0,0.0
2025-05-28,0.0,0.0,0.0
2025-05-29,0.0,0.0,0.0
2025-05-30,0.0,0.0,0.0
2025-06-02,0.0,0.0,0.0
2025-06-03,0.014759488169927757,0.25000894396906964,0.7352315678610025
2025-06-04,0.0,0.0,0.0
2025-06-05,0.0,0.0,0.0
2025-06-06,0.0,0.0,0.0
2025-06-09,0.0,0.0,0.0
2025-06-10,0.0,0.0,0.0
2025-06-11,0.0,0.0,0.0
2025-06-12,0.0,0.0,0.0
2025-06-13,0.0,0.0,0.0
2025-06-16,0.0,0.0,0.0
2025-06-17,0.0,0.0,0.0
2025-06-18,0.0,0.0,0.0
2025-06-19,0.0,0.0,0.0
2025-06-20,0.0,0.0,0.0
2025-06-23,0.0,0.0,0.0
2025-06-24,0.0,0.0,0.0
2025-06-25,0.0,0.0,0.0
2025-06-26,0.0,0.0,0.0
2025-06-27,0.0,0.0,0.0
2025-06-30,0.0,0.0,0.0
2025-07-01,0.0,0.0,0.0
2025-07-02,0.4796185352961187,0.3499999991362001,0.17038146556768113
2025-07-03,0.0,0.0,0.0
2025-07-04,0.0,0.0,0.0
2025-07-07,0.0,0.0,0.0
2025-07-08,0.0,0.0,0.0
2025-07-09,0.0,0.0,0.0
2025-07-10,0.0,0.0,0.0
2025-07-11,0.0,0.0,0.0
2025-07-14,0.0,0.0,0.0
2025-07-15,0.0,0.0,0.0
2025-07-16,0.0,0.0,0.0
2025-07-17,0.0,0.0,0.0
2025-07-18,0.0,0.0,0.0
2025-07-21,0.0,0.0,0.0
2025-07-22,0.0,0.0,0.0
2025-07-23,0.0,0.0,0.0
2025-07-24,0.0,0.0,0.0
2025-07-25,0.0,0.0,0.0
2025-07-28,0.0,0.0,0.0
2025-07-29,0.0,0.0,0.0
2025-07-30,0.0,0.0,0.0
2025-07-31,0.4500000001585904,0.35000000003869997,0.19999999980271033
2025-08-01,0.0,0.0,0.0
2025-08-04,0.0,0.0,0.0
2025-08-05,0.0,0.0,0.0
2025-08-06,0.0,0.0,0.0
2025-08-07,0.0,0.0,0.0
2025-08-08,0.0,0.0,0.0
2025-08-11,0.0,0.0,0.0
2025-08-12,0.0,0.0,0.0
2025-08-13,0.0,0.0,0.0
2025-08-14,0.0,0.0,0.0
2025-08-18,0.0,0.0,0.0
2025-08-19,0.0,0.0,0.0
2025-08-20,0.0,0.0,0.0
2025-08-21,0.0,0.0,0.0
2025-08-22,0.0,0.0,0.0
2025-08-25,0.0,0.0,0.0
2025-08-26,0.0,0.0,0.0
2025-08-28,0.0,0.0,0.0
2025-08-29,0.0,0.0,0.0
2025-09-01,0.0,0.0,0.0
2025-09-02,0.45000000012218344,0.3500000000311696,0.19999999984664762
2025-09-03,0.0,0.0,0.0
2025-09-04,0.0,0.0,0.0
2025-09-05,0.0,0.0,0.0
2025-09-08,0.0,0.0,0.0
2025-09-09,0.0,0.0,0.0
2025-09-10,0.0,0.0,0.0
2025-09-11,0.0,0.0,0.0
2025-09-12,0.0,0.0,0.0
2025-09-15,0.0,0.0,0.0
2025-09-16,0.0,0.0,0.0
2025-09-17,0.0,0.0,0.0
2025-09-18,0.0,0.0,0.0
2025-09-19,0.0,0.0,0.0
2025-09-22,0.0,0.0,0.0
2025-09-23,0.0,0.0,0.0
2025-09-24,0.0,0.0,0.0
2025-09-25,0.0,0.0,0.0
2025-09-26,0.0,0.0,0.0
2025-09-29,0.0,0.0,0.0
2025-09-30,0.0,0.0,0.0
2025-10-01,0.45000000008303753,0.35000000002419585,0.1999999998927672
2025-10-03,0.0,0.0,0.0
2025-10-06,0.0,0.0,0.0
2025-10-07,0.0,0.0,0.0
2025-10-08,0.0,0.0,0.0
2025-10-09,0.0,0.0,0.0
2025-10-10,0.0,0.0,0.0
2025-10-13,0.0,0.0,0.0
2025-10-14,0.0,0.0,0.0
2025-10-15,0.0,0.0,0.0
2025-10-16,0.0,0.0,0.0
2025-10-17,0.0,0.0,0.0
2025-10-20,0.0,0.0,0.0
2025-10-21,0.0,0.0,0.0
2025-10-23,0.0,0.0,0.0
2025-10-24,0.0,0.0,0.0
2025-10-27,0.0,0.0,0.0
2025-10-28,0.0,0.0,0.0
2025-10-29,0.0,0.0,0.0
2025-10-30,0.0,0.0,0.0
2025-10-31,0.0,0.0,0.0
2025-11-03,0.6387753131135759,0.3499997832717524,0.011224903614671471
2025-11-04,0.0,0.0,0.0
2025-11-06,0.0,0.0,0.0
2025-11-07,0.0,0.0,0.0
2025-11-10,0.0,0.0,0.0
2025-11-11,0.0,0.0,0.0
2025-11-12,0.0,0.0,0.0
2025-11-13,0.0,0.0,0.0
2025-11-14,0.0,0.0,0.0
2025-11-17,0.0,0.0,0.0
2025-11-18,0.0,0.0,0.0
2025-11-19,0.0,0.0,0.0
2025-11-20,0.0,0.0,0.0
2025-11-21,0.0,0.0,0.0
2025-11-24,0.0,0.0,0.0
2025-11-25,0.0,0.0,0.0
2025-11-26,0.0,0.0,0.0
2025-11-27,0.0,0.0,0.0
2025-11-28,0.0,0.0,0.0
2025-12-01,0.0,0.0,0.0
2025-12-02,0.0,0.0,0.0
2025-12-03,0.6499999903115073,0.3500000009026074,8.785890923659394e-09
2025-12-04,0.0,0.0,0.0
2025-12-05,0.0,0.0,0.0
2025-12-08,0.0,0.0,0.0
2025-12-09,0.0,0.0,0.0
2025-12-10,0.0,0.0,0.0
2025-12-11,0.0,0.0,0.0
2025-12-12,0.0,0.0,0.0
2025-12-15,0.0,0.0,0.0
2025-12-16,0.0,0.0,0.0
2025-12-17,0.0,0.0,0.0
2025-12-18,0.0,0.0,0.0
2025-12-19,0.0,0.0,0.0
2025-12-22,0.0,0.0,0.0
2025-12-23,0.0,0.0,0.0
2025-12-24,0.0,0.0,0.0
2025-12-26,0.0,0.0,0.0
2025-12-29,0.0,0.0,0.0
2025-12-30,0.0,0.0,0.0
2025-12-31,0.0,0.0,0.0
2026-01-01,0.0,0.0,0.0
2026-01-02,0.6499999910061617,0.350000001288241,7.705609429607662e-09
2026-01-05,0.0,0.0,0.0
2026-01-06,0.0,0.0,0.0
2026-01-07,0.0,0.0,0.0
2026-01-08,0.0,0.0,0.0
2026-01-09,0.0,0.0,0.0
2026-01-12,0.0,0.0,0.0
2026-01-13,0.0,0.0,0.0
2026-01-14,0.0,0.0,0.0
2026-01-15,0.0,0.0,0.0
2026-01-16,0.0,0.0,0.0
2026-01-19,0.0,0.0,0.0
2026-01-20,0.0,0.0,0.0
2026-01-21,0.0,0.0,0.0
2026-01-22,0.0,0.0,0.0
2026-01-23,0.0,0.0,0.0
2026-01-27,0.0,0.0,0.0
2026-01-28,0.0,0.0,0.0
2026-01-29,0.0,0.0,0.0
2026-01-30,0.0,0.0,0.0
2026-02-02,0.0,0.0,0.0
2026-02-03,0.008152458164914021,0.2500007585385562,0.7418467832965299
2026-02-04,0.0,0.0,0.0
2026-02-05,0.0,0.0,0.0
2026-02-06,0.0,0.0,0.0
2026-02-09,0.0,0.0,0.0
2026-02-10,0.0,0.0,0.0
2026-02-11,0.0,0.0,0.0
2026-02-12,0.0,0.0,0.0
2026-02-13,0.0,0.0,0.0
2026-02-16,0.0,0.0,0.0
2026-02-17,0.0,0.0,0.0
2026-02-18,0.0,0.0,0.0
2026-02-19,0.0,0.0,0.0
2026-02-20,0.0,0.0,0.0
2026-02-23,0.0,0.0,0.0
2026-02-24,0.0,0.0,0.0
2026-02-25,0.0,0.0,0.0
2026-02-26,0.0,0.0,0.0
2026-02-27,0.0,0.0,0.0
2026-03-02,0.0,0.0,0.0
2026-03-04,0.0,0.0,0.0
2026-03-05,0.009053894419053712,0.2500005941732538,0.7409455114076925
2026-03-06,0.0,0.0,0.0
2026-03-09,0.0,0.0,0.0
2026-03-10,0.0,0.0,0.0
2026-03-11,0.0,0.0,0.0
2026-03-12,0.0,0.0,0.0
2026-03-13,0.0,0.0,0.0
2026-03-16,0.0,0.0,0.0
2026-03-17,0.0,0.0,0.0
2026-03-18,0.0,0.0,0.0
2026-03-19,0.0,0.0,0.0
2026-03-20,0.0,0.0,0.0
2026-03-23,0.0,0.0,0.0
2026-03-24,0.0,0.0,0.0
2026-03-25,0.0,0.0,0.0
2026-03-27,0.0,0.0,0.0
2026-03-30,0.0,0.0,0.0
2026-04-01,0.0,0.0,0.0
2026-04-02,0.0,0.0,0.0
2026-04-06,0.0,0.0,0.0
2026-04-07,0.0,0.0,0.0
2026-04-08,6.408077000609573e-06,0.2500002084935746,0.7499933834294247
2026-04-09,0.0,0.0,0.0
2026-04-10,0.0,0.0,0.0
2026-04-13,0.0,0.0,0.0
2026-04-15,0.0,0.0,0.0
2026-04-16,0.0,0.0,0.0
2026-04-17,0.0,0.0,0.0
2026-04-20,0.0,0.0,0.0
2026-04-21,0.0,0.0,0.0
2026-04-22,0.0,0.0,0.0
2026-04-23,0.0,0.0,0.0
2026-04-24,0.0,0.0,0.0
2026-04-27,0.0,0.0,0.0
2026-04-28,0.0,0.0,0.0
2026-04-29,0.0,0.0,0.0
2026-04-30,0.0,0.0,0.0
2026-05-01,0.0,0.0,0.0
2026-05-04,0.0,0.0,0.0
2026-05-05,0.0,0.0,0.0
2026-05-06,0.0,0.0,0.0
2026-05-07,0.0,0.0,0.0
2026-05-08,0.45000000030592047,0.35000000007618975,0.19999999961789033
2026-05-11,0.0,0.0,0.0
2026-05-12,0.0,0.0,0.0
2026-05-13,0.0,0.0,0.0
2026-05-14,0.0,0.0,0.0
2026-05-15,0.0,0.0,0.0
2026-05-18,0.0,0.0,0.0
2026-05-19,0.0,0.0,0.0
2026-05-20,0.0,0.0,0.0
2026-05-21,0.0,0.0,0.0
2026-05-22,0.0,0.0,0.0
2026-05-25,0.0,0.0,0.0
2026-05-26,0.0,0.0,0.0
2026-05-27,0.0,0.0,0.0
2026-05-28,0.0,0.0,0.0
2026-05-29,0.0,0.0,0.0
2026-06-01,0.0,0.0,0.0
2026-06-02,0.0,0.0,0.0
2026-06-03,0.0,0.0,0.0
2026-06-04,0.0,0.0,0.0
2026-06-05,0.0,0.0,0.0
2026-06-08,1.127379299383038e-06,0.25000011543695766,0.7499987571837431
2026-06-09,0.0,0.0,0.0
2026-06-10,0.0,0.0,0.0
2026-06-11,0.0,0.0,0.0
2026-06-12,0.0,0.0,0.0
2026-06-15,0.0,0.0,0.0
2026-06-16,0.0,0.0,0.0
2026-06-17,0.0,0.0,0.0
2026-06-18,0.0,0.0,0.0
2026-06-19,0.0,0.0,0.0
2026-06-22,0.0,0.0,0.0
2026-06-23,0.0,0.0,0.0
2026-06-24,0.0,0.0,0.0
2026-06-25,0.0,0.0,0.0
2026-06-26,0.0,0.0,0.0
2026-06-29,0.0,0.0,0.0
2026-06-30,0.0,0.0,0.0
2026-07-01,0.0,0.0,0.0
2026-07-02,0.0,0.0,0.0
2026-07-03,0.0,0.0,0.0
2026-07-06,0.0,0.0,0.0
2026-07-07,5.999567034638729e-07,0.7999998483383216,0.19999955170497496
2026-07-08,0.0,0.0,0.0
2026-07-09,0.0,0.0,0.0
2026-07-10,0.0,0.0,0.0
2026-07-13,0.0,0.0,0.0
2026-07-14,0.0,0.0,0.0
2026-07-15,0.0,0.0,0.0
2026-07-16,0.0,0.0,0.0
2026-07-17,0.0,0.0,0.0
2026-07-20,0.0,0.0,0.0
2026-07-21,0.0,0.0,0.0
2026-07-22,0.0,0.0,0.0
2026-07-23,0.0,0.0,0.0
2026-07-24,0.0,0.0,0.0
2026-07-27,0.0,0.0,0.0
